gen,seed,arm,rate,delivered,inj_prev,train_prev,mean_pstar,LogReg,MLP,LGBM
ARF,0,BASE,0.0,0,,0.1003571428571428,,0.845849618343106,0.839358744116494,0.819647971372649
ARF,0,balance,0.02,336,0.1011904761904761,0.1003734827264239,0.0966808946156067,0.8459242758182083,0.8398539334852011,0.8212196761296193
ARF,0,balance,0.05,840,0.1,0.1003401360544217,0.1032717993990524,0.8457889243429799,0.8400504501207541,0.8150752973963173
ARF,0,balance,0.1,1680,0.1005952380952381,0.1003787878787878,0.1015378897934217,0.8451483606366385,0.8371444625141519,0.8134796063019647
ARF,0,balance,0.2,3360,0.100297619047619,0.1003472222222222,0.1036246911233033,0.8451104964897708,0.8371000449572494,0.8090102234909852
ARF,0,clean,0.02,336,0.0773809523809523,0.099906629318394,0.1006432368374207,0.845918322066608,0.839934202049941,0.8203722945124743
ARF,0,clean,0.05,840,0.1261904761904762,0.1015873015873015,0.098412972674731,0.8456994895707405,0.8379429933852535,0.8195568661233418
ARF,0,clean,0.1,1680,0.1166666666666666,0.1018398268398268,0.1052592876427028,0.8457535444953412,0.8390874415076031,0.81918509931029
ARF,0,clean,0.2,3360,0.1059523809523809,0.1012896825396825,0.1008891528075741,0.8457619397134248,0.8381767745092396,0.8214036641871646
ARF,0,creative,0.02,336,0.1011904761904761,0.1003734827264239,0.2118202836164542,0.8459015316304404,0.8393998635520066,0.8198699520752979
ARF,0,creative,0.05,840,0.1,0.1003401360544217,0.2284965789655974,0.8453619675375762,0.8392528615700496,0.8196135980945254
ARF,0,creative,0.1,1680,0.1005952380952381,0.1003787878787878,0.2351489878098966,0.8455269592725698,0.8375868819406179,0.8217208192499268
ARF,0,creative,0.2,3360,0.100297619047619,0.1003472222222222,0.2314297888663088,0.8447779858878097,0.8379829135038969,0.8243455670507221
ARF,0,harmful_orig,0.02,336,0.8303571428571429,0.1146708683473389,0.235543145498166,0.8423988410487102,0.8366661920798485,0.8199734359880042
ARF,0,harmful_orig,0.05,840,0.8607142857142858,0.1365646258503401,0.2255066985607196,0.8335207265941319,0.8356244568807892,0.8245740583306606
ARF,0,harmful_orig,0.1,1680,0.8488095238095238,0.1683982683982684,0.2265670159105199,0.8147857266215448,0.8312875557511012,0.8256877311254938
ARF,0,harmful_orig,0.2,3360,0.8473214285714286,0.2248511904761904,0.2301286303717943,0.7693497355334973,0.821986896263888,0.8242814892637154
ARF,0,harmful_rank,0.02,336,0.1011904761904761,0.1003734827264239,0.2358290385988305,0.8445428769487185,0.8378519738014369,0.8180319561406394
ARF,0,harmful_rank,0.05,840,0.1,0.1003401360544217,0.2210202056621141,0.8416947992137963,0.8386667382830167,0.8194482851139421
ARF,0,harmful_rank,0.1,1680,0.1005952380952381,0.1003787878787878,0.2356833360242271,0.8347777391711966,0.8383737194722458,0.8176561202167818
ARF,0,harmful_rank,0.2,3360,0.100297619047619,0.1003472222222222,0.2286071011536618,0.814745849335647,0.8350758122459161,0.8155807666239023
ARF,0,random,0.02,336,0.1011904761904761,0.1003734827264239,0.2184892964010768,0.8458619970065052,0.8388399539051128,0.8187533666537827
ARF,0,random,0.05,840,0.1,0.1003401360544217,0.2242470985556273,0.8449971610456398,0.8387736059826039,0.8201587732770271
ARF,0,random,0.1,1680,0.1005952380952381,0.1003787878787878,0.2295363288374689,0.8446257583109232,0.8387223351864492,0.8216637446167807
ARF,0,random,0.2,3360,0.100297619047619,0.1003472222222222,0.2293237754840886,0.8430635195906697,0.8376494605815383,0.8211209252352717
ARF,1,BASE,0.0,0,,0.0999404761904761,,0.8460783880358891,0.841439644549893,0.824696260153074
ARF,1,balance,0.02,336,0.1011904761904761,0.0999649859943977,0.1002244350296455,0.8459040587624147,0.8401008214292566,0.823112840640257
ARF,1,balance,0.05,840,0.1,0.0999433106575963,0.0935074394545979,0.8457657089950136,0.8398267775246647,0.8209521856350623
ARF,1,balance,0.1,1680,0.1,0.0999458874458874,0.0917640571615607,0.8457406518389982,0.8411428992902786,0.8216045711791136
ARF,1,balance,0.2,3360,0.1,0.0999503968253968,0.0961211118930643,0.8452258879056774,0.8386102847246779,0.8191592283321135
ARF,1,clean,0.02,336,0.1011904761904761,0.0999649859943977,0.0956003172191924,0.8460349984648743,0.840735174387526,0.8245202818189046
ARF,1,clean,0.05,840,0.0928571428571428,0.0996031746031746,0.0953506723178948,0.8460696929885879,0.840443611890096,0.8260687069787906
ARF,1,clean,0.1,1680,0.1130952380952381,0.1011363636363636,0.0953843869939473,0.8458996041569008,0.8418529805422832,0.8255734105282202
ARF,1,clean,0.2,3360,0.1029761904761904,0.1004464285714285,0.0990774614863762,0.8460884108982951,0.8404625439635298,0.8261357402252248
ARF,1,creative,0.02,336,0.1011904761904761,0.0999649859943977,0.2229584217883839,0.8459507464548193,0.8416891452914134,0.8247173766965193
ARF,1,creative,0.05,840,0.1,0.0999433106575963,0.226187522488333,0.8456646237160457,0.839857445770318,0.8235131983108136
ARF,1,creative,0.1,1680,0.1,0.0999458874458874,0.2184084155690905,0.845183055160352,0.8418398737222135,0.8267247333061946
ARF,1,creative,0.2,3360,0.1,0.0999503968253968,0.2267148717579108,0.8438731869755559,0.8419058789827599,0.8292434272295642
ARF,1,harmful_orig,0.02,336,0.875,0.1151377217553688,0.2035449548541746,0.8435103507899042,0.8378474335304326,0.8241056394277819
ARF,1,harmful_orig,0.05,840,0.8547619047619047,0.1358843537414966,0.2267237107918447,0.8369959613861088,0.8343858623842145,0.8251705257256896
ARF,1,harmful_orig,0.1,1680,0.8404761904761905,0.1672619047619047,0.2389906662304497,0.8241849870884972,0.8282769277476691,0.8252550133158438
ARF,1,harmful_orig,0.2,3360,0.8556547619047619,0.2258928571428571,0.225425532432078,0.78751420333835,0.826034462198903,0.826683421123328
ARF,1,harmful_rank,0.02,336,0.1011904761904761,0.0999649859943977,0.2216299434601324,0.8447939196690707,0.8413919288716004,0.8213170992088621
ARF,1,harmful_rank,0.05,840,0.1,0.0999433106575963,0.2371940604091662,0.8403021353322863,0.8393980645767029,0.8247226879569397
ARF,1,harmful_rank,0.1,1680,0.1,0.0999458874458874,0.2273547634865239,0.8326218814334784,0.8379225193329879,0.8245514854738741
ARF,1,harmful_rank,0.2,3360,0.1,0.0999503968253968,0.2251066303470096,0.8140682781373444,0.8368724317485903,0.8233977640621617
ARF,1,random,0.02,336,0.1011904761904761,0.0999649859943977,0.2229584217883839,0.8457888815102345,0.8418867327455997,0.8230683802506092
ARF,1,random,0.05,840,0.1,0.0999433106575963,0.226187522488333,0.8450737888270269,0.8404841316671738,0.8265292232401567
ARF,1,random,0.1,1680,0.1,0.0999458874458874,0.2184084155690905,0.8435081663198927,0.8412292072721094,0.8250262007903155
ARF,1,random,0.2,3360,0.1,0.0999503968253968,0.2267148717579108,0.8414994818951125,0.8411378878590756,0.8255447982543429
ARF,2,BASE,0.0,0,,0.1030952380952381,,0.8449656361450804,0.8369721892124531,0.8234821874031979
ARF,2,balance,0.02,336,0.1041666666666666,0.1031162464985994,0.1050061856778532,0.8448665640051426,0.83590098508461,0.8235021902952648
ARF,2,balance,0.05,840,0.1035714285714285,0.1031179138321995,0.0899190526572119,0.8445830112310885,0.835752098461859,0.820429133565521
ARF,2,balance,0.1,1680,0.1029761904761904,0.1030844155844155,0.0970709339880557,0.8448568838046991,0.8366311548941723,0.8177081191696067
ARF,2,balance,0.2,3360,0.1029761904761904,0.1030753968253968,0.0961790536596797,0.8445294274666865,0.8335452269244581,0.8193942087729686
ARF,2,clean,0.02,336,0.0892857142857142,0.1028244631185807,0.0990417953260946,0.8449834117343904,0.8379511316068654,0.8249278353906758
ARF,2,clean,0.05,840,0.0952380952380952,0.1027210884353741,0.0971887527270242,0.8450876666365124,0.8377012453706368,0.8220714909359058
ARF,2,clean,0.1,1680,0.0964285714285714,0.1024891774891774,0.0990408442301803,0.8450426922539207,0.8384336853157014,0.8230908460255324
ARF,2,clean,0.2,3360,0.0985119047619047,0.1023313492063492,0.0980669840342125,0.845065907601887,0.8374212905471901,0.8241311249112504
ARF,2,creative,0.02,336,0.1041666666666666,0.1031162464985994,0.2290749152731059,0.8450230748565616,0.8373519014997628,0.823917303846586
ARF,2,creative,0.05,840,0.1035714285714285,0.1031179138321995,0.2282663562393568,0.8447851389562792,0.8377354687341518,0.8244661626451859
ARF,2,creative,0.1,1680,0.1029761904761904,0.1030844155844155,0.227953033947272,0.8441613656861051,0.8377343550827734,0.82235834183135
ARF,2,creative,0.2,3360,0.1029761904761904,0.1030753968253968,0.2263790218182172,0.8437337663895216,0.8374948343709138,0.8256942202864106
ARF,2,harmful_orig,0.02,336,0.8898809523809523,0.1185224089635854,0.2079757397586073,0.8427569656323758,0.8333232248054364,0.824102020060802
ARF,2,harmful_orig,0.05,840,0.8369047619047619,0.1380385487528344,0.2351840494144138,0.8372245597479105,0.8311772614318884,0.8257133665235711
ARF,2,harmful_orig,0.1,1680,0.8428571428571429,0.1703463203463203,0.2362291152246073,0.8232245484400658,0.8292998593715305,0.8263902738143211
ARF,2,harmful_orig,0.2,3360,0.8470238095238095,0.2270833333333333,0.2317482769793241,0.7902082973538272,0.8215427635276089,0.8241186391659883
ARF,2,harmful_rank,0.02,336,0.1041666666666666,0.1031162464985994,0.246537784796035,0.8440706887642512,0.8379155804282453,0.8235525187710223
ARF,2,harmful_rank,0.05,840,0.1035714285714285,0.1031179138321995,0.2240702921593582,0.8405483807851618,0.8364900638310704,0.8229575291057072
ARF,2,harmful_rank,0.1,1680,0.1029761904761904,0.1030844155844155,0.2472295707191963,0.8324009073003446,0.8376050858573814,0.8193619342993659
ARF,2,harmful_rank,0.2,3360,0.1029761904761904,0.1030753968253968,0.2260851127143498,0.8123894058515698,0.8335218830782557,0.8218083693813718
ARF,2,random,0.02,336,0.1041666666666666,0.1031162464985994,0.2290749152731059,0.8449800279475097,0.8363182188568248,0.8219037793215841
ARF,2,random,0.05,840,0.1035714285714285,0.1031179138321995,0.2282663562393568,0.8443502580929902,0.8355813243062465,0.8245580817166542
ARF,2,random,0.1,1680,0.1029761904761904,0.1030844155844155,0.227953033947272,0.8431383483967533,0.8368185053222256,0.821697818065687
ARF,2,random,0.2,3360,0.1029761904761904,0.1030753968253968,0.2263790218182172,0.8413627169392885,0.8355782831813284,0.8213225175511457
copula,0,BASE,0.0,0,,0.1007142857142857,,0.8221273448358102,0.7884180599302066,0.6691143224819143
copula,0,balance,0.02,336,0.1011904761904761,0.1007236227824463,0.1022889734179093,0.8243055612665883,0.7715524951273469,0.6797592448484201
copula,0,balance,0.05,840,0.1011904761904761,0.1007369614512471,0.0955599729560457,0.8236739496040197,0.7771942958433734,0.679603119491709
copula,0,balance,0.1,1680,0.1005952380952381,0.1007034632034632,0.0987172487354281,0.8236657257169174,0.7744449904191716,0.6593997701766217
copula,0,balance,0.2,3360,0.1005952380952381,0.1006944444444444,0.100347190365572,0.8156193803438133,0.7476856182718323,0.6468116974856837
copula,0,clean,0.02,336,0.1130952380952381,0.1009570494864612,0.0860793742892322,0.8199527263556392,0.7695209380165628,0.6823474991501983
copula,0,clean,0.05,840,0.0976190476190476,0.1005668934240362,0.1060116662692445,0.822720321362095,0.7731136630289672,0.6715147980281859
copula,0,clean,0.1,1680,0.0863095238095238,0.0994047619047619,0.1017383066674868,0.8241462662867232,0.7738985730870552,0.6746753192238844
copula,0,clean,0.2,3360,0.0988095238095238,0.1003968253968254,0.0971722520225071,0.8207786273510036,0.7962892622076752,0.6907222860144577
copula,0,creative,0.02,336,0.1011904761904761,0.1007236227824463,0.1967606519370792,0.8287907921933381,0.7793810359904713,0.6617240676853321
copula,0,creative,0.05,840,0.1011904761904761,0.1007369614512471,0.2266392601613901,0.83206925335329,0.7731560246140942,0.6874770844812509
copula,0,creative,0.1,1680,0.1005952380952381,0.1007034632034632,0.2281002678322513,0.8309311016445032,0.7904731322181743,0.692011380317771
copula,0,creative,0.2,3360,0.1005952380952381,0.1006944444444444,0.2247117644203837,0.834610477300701,0.7511977748902796,0.7082919140686037
copula,0,harmful_orig,0.02,336,0.8571428571428571,0.1155462184873949,0.2191811530252463,0.8273252698120294,0.76236521391701,0.6692940700976723
copula,0,harmful_orig,0.05,840,0.8357142857142857,0.1357142857142857,0.2298835486268327,0.825369740824198,0.7411675880846842,0.6664384323832002
copula,0,harmful_orig,0.1,1680,0.8613095238095239,0.1698593073593073,0.2168088602852091,0.8051201749769047,0.7021031391947719,0.6670237418480719
copula,0,harmful_orig,0.2,3360,0.8613095238095239,0.2274801587301587,0.2194176386788107,0.7311929125170302,0.7072103015836466,0.6931054357152452
copula,0,harmful_rank,0.02,336,0.1011904761904761,0.1007236227824463,0.2151418612997888,0.8118805528371039,0.769416426117969,0.6740727481626466
copula,0,harmful_rank,0.05,840,0.1011904761904761,0.1007369614512471,0.235656273788727,0.7968632209950355,0.7681833142127958,0.6564589167153246
copula,0,harmful_rank,0.1,1680,0.1005952380952381,0.1007034632034632,0.2285043880968451,0.773048471590582,0.7510807558300506,0.6492249157736896
copula,0,harmful_rank,0.2,3360,0.1005952380952381,0.1006944444444444,0.2205044540217464,0.6696426858118758,0.7196119233341831,0.6479180672974387
copula,0,random,0.02,336,0.1011904761904761,0.1007236227824463,0.2206561051725085,0.8228083426537388,0.7838633114577938,0.6673697447648105
copula,0,random,0.05,840,0.1011904761904761,0.1007369614512471,0.218493363841732,0.8205295121041911,0.781926971539868,0.6646725667916697
copula,0,random,0.1,1680,0.1005952380952381,0.1007034632034632,0.2204271531766319,0.821855528233975,0.7827974614231161,0.6726040133254384
copula,0,random,0.2,3360,0.1005952380952381,0.1006944444444444,0.2225659501631793,0.817159945694932,0.7821445190533756,0.6824411315314796
copula,1,BASE,0.0,0,,0.1010119047619047,,0.8249805625001714,0.7326799369364925,0.6526527561329638
copula,1,balance,0.02,336,0.1011904761904761,0.1010154061624649,0.1069013905975434,0.8251651716325239,0.7204443777395824,0.6654840759846049
copula,1,balance,0.05,840,0.1011904761904761,0.1010204081632653,0.1072692174505984,0.8221976762036344,0.7124766732868958,0.6640569103267351
copula,1,balance,0.1,1680,0.1011904761904761,0.1010281385281385,0.0990577659913775,0.8224550153375495,0.7134052872055505,0.6464516025957329
copula,1,balance,0.2,3360,0.1008928571428571,0.1009920634920635,0.1017026106751476,0.8243258639878724,0.6968367674915225,0.6406517062167103
copula,1,clean,0.02,336,0.0982142857142857,0.1009570494864612,0.1115995311487348,0.8250152141911394,0.7539610866222028,0.6586101913492931
copula,1,clean,0.05,840,0.1023809523809523,0.1010770975056689,0.1061318682648944,0.8267519963485941,0.727604427946413,0.6594897403581776
copula,1,clean,0.1,1680,0.0928571428571428,0.1002705627705627,0.1002271510199063,0.8253093894860345,0.7452019615341386,0.6818587989424081
copula,1,clean,0.2,3360,0.100297619047619,0.1008928571428571,0.1008266970652331,0.8198324520067656,0.7462919264044344,0.6759280485264165
copula,1,creative,0.02,336,0.1011904761904761,0.1010154061624649,0.2403914278428136,0.8282415907327758,0.7407150601303212,0.6678046470444721
copula,1,creative,0.05,840,0.1011904761904761,0.1010204081632653,0.2201455486054999,0.8343461992620432,0.7441457060344143,0.6758503070936509
copula,1,creative,0.1,1680,0.1011904761904761,0.1010281385281385,0.2369960747610506,0.8384315865111803,0.7420934178748928,0.6905303310662818
copula,1,creative,0.2,3360,0.1008928571428571,0.1009920634920635,0.2223794754194175,0.8423552373139689,0.7671417931774633,0.6986609498658136
copula,1,harmful_orig,0.02,336,0.8392857142857143,0.1154878618113912,0.2284090000768555,0.8229635685227981,0.7159531930612323,0.656595917251248
copula,1,harmful_orig,0.05,840,0.8607142857142858,0.13718820861678,0.2187153080396652,0.808139926355091,0.7058726777798795,0.6560460304667604
copula,1,harmful_orig,0.1,1680,0.8470238095238095,0.1688311688311688,0.2257540873672694,0.7682574148622089,0.6709761548393464,0.6768523791705388
copula,1,harmful_orig,0.2,3360,0.8595238095238096,0.2274305555555555,0.2223839380826076,0.7188755856092941,0.6508084852011151,0.6701760605730404
copula,1,harmful_rank,0.02,336,0.1011904761904761,0.1010154061624649,0.245758743960291,0.8065916511098136,0.7450380834505237,0.6407755999325642
copula,1,harmful_rank,0.05,840,0.1011904761904761,0.1010204081632653,0.2311432110753838,0.7909006886820125,0.6935480264726926,0.6527375649687082
copula,1,harmful_rank,0.1,1680,0.1011904761904761,0.1010281385281385,0.2353704337097975,0.7569858922643377,0.683763057134085,0.6398117989136245
copula,1,harmful_rank,0.2,3360,0.1008928571428571,0.1009920634920635,0.227898709857672,0.6278748482007506,0.6661568284990584,0.6094731084031678
copula,1,random,0.02,336,0.1011904761904761,0.1010154061624649,0.2050847575854235,0.823095193549183,0.7566175734872844,0.6660382888763703
copula,1,random,0.05,840,0.1011904761904761,0.1010204081632653,0.2325785563889993,0.8256706836928543,0.7284161084703297,0.6564610797689636
copula,1,random,0.1,1680,0.1011904761904761,0.1010281385281385,0.2147089155042317,0.8296143802204551,0.742746188913652,0.6566607660276708
copula,1,random,0.2,3360,0.1008928571428571,0.1009920634920635,0.224088881805992,0.8271613060629236,0.7564591351623258,0.668143261312642
copula,2,BASE,0.0,0,,0.0991666666666666,,0.8288832252577503,0.7993268748406621,0.7153431691023079
copula,2,balance,0.02,336,0.0982142857142857,0.0991479925303454,0.1068574470516297,0.8276089939170648,0.8005782763280891,0.7007050998037232
copula,2,balance,0.05,840,0.0988095238095238,0.0991496598639455,0.0934087395589993,0.8287755437360023,0.7905117245217125,0.6928068486475818
copula,2,balance,0.1,1680,0.0994047619047619,0.0991883116883116,0.1033519976937157,0.8267480557360243,0.7895210887878265,0.6964439912168885
copula,2,balance,0.2,3360,0.0991071428571428,0.099156746031746,0.0946829075200767,0.8271027965328092,0.8010445535937017,0.694649491935108
copula,2,clean,0.02,336,0.1101190476190476,0.0993814192343604,0.1049757756720242,0.8280183036313945,0.7991794873639974,0.7071203099857178
copula,2,clean,0.05,840,0.094047619047619,0.098922902494331,0.1003926466869893,0.8278288972315655,0.8014396000038378,0.7141369561611991
copula,2,clean,0.1,1680,0.1101190476190476,0.1001623376623376,0.100236408627969,0.8287934478235482,0.7947714410443241,0.7107904123525525
copula,2,clean,0.2,3360,0.1038690476190476,0.0999503968253968,0.0930295534814883,0.8285953035436731,0.8053606808419067,0.7033714596166024
copula,2,creative,0.02,336,0.0982142857142857,0.0991479925303454,0.2296163769274001,0.8317290756899155,0.8038569088190224,0.7050222764541888
copula,2,creative,0.05,840,0.0988095238095238,0.0991496598639455,0.2321839317642321,0.8321185110104141,0.7927798040521832,0.7102163678997014
copula,2,creative,0.1,1680,0.0994047619047619,0.0991883116883116,0.2199527175765699,0.8348836645503863,0.7998840860246004,0.7162501524845734
copula,2,creative,0.2,3360,0.0991071428571428,0.099156746031746,0.2247187549351681,0.8393673534983045,0.8003301034016738,0.7339361785241412
copula,2,harmful_orig,0.02,336,0.8214285714285714,0.113328664799253,0.2456599639760425,0.8247715387029834,0.7910884246047737,0.7035811259049702
copula,2,harmful_orig,0.05,840,0.8511904761904762,0.1349773242630385,0.2218339082200155,0.809964429974972,0.7733667617210951,0.697558863328591
copula,2,harmful_orig,0.1,1680,0.8529761904761904,0.1676948051948052,0.2207351994643372,0.7778126293548909,0.7576299254230505,0.702867532367849
copula,2,harmful_orig,0.2,3360,0.8535714285714285,0.2249007936507936,0.2231756056254288,0.7215023893818653,0.6919408133698474,0.7113491012662045
copula,2,harmful_rank,0.02,336,0.0982142857142857,0.0991479925303454,0.1913281712265041,0.8171257223314171,0.7963414753242267,0.7039583753094237
copula,2,harmful_rank,0.05,840,0.0988095238095238,0.0991496598639455,0.2246608095953983,0.7923739637902251,0.7753005745070465,0.6841279707078848
copula,2,harmful_rank,0.1,1680,0.0994047619047619,0.0991883116883116,0.2213488499202539,0.7623121869782972,0.7839422522074283,0.6703464064011996
copula,2,harmful_rank,0.2,3360,0.0991071428571428,0.099156746031746,0.2228224157339571,0.669239801009345,0.7557364182504502,0.6656132595445063
copula,2,random,0.02,336,0.0982142857142857,0.0991479925303454,0.2129772387957183,0.8279845085953326,0.8108358621786174,0.6997661417770723
copula,2,random,0.05,840,0.0988095238095238,0.0991496598639455,0.2044272690479345,0.8276256558549964,0.7911200780035692,0.7074699108530638
copula,2,random,0.1,1680,0.0994047619047619,0.0991883116883116,0.2176474505120416,0.8267881471856487,0.800793211044132,0.6935361832186102
copula,2,random,0.2,3360,0.0991071428571428,0.099156746031746,0.2280646319276009,0.8245585742932254,0.8051092526268466,0.6993315393266282
copula,3,BASE,0.0,0,,0.1010119047619047,,0.8326504508746104,0.8020171139090603,0.6941095209311633
copula,3,balance,0.02,336,0.1011904761904761,0.1010154061624649,0.0865581478187125,0.8319009634969065,0.796123799312483,0.6930553214032145
copula,3,balance,0.05,840,0.1011904761904761,0.1010204081632653,0.0963463926897379,0.8351291390138462,0.8063489179420544,0.7046127739925052
copula,3,clean,0.02,336,0.1160714285714285,0.1013071895424836,0.0887299331276865,0.8335034221650205,0.7954071218176985,0.6980505832449265
copula,3,clean,0.05,840,0.0904761904761904,0.1005102040816326,0.0980156866024506,0.8332219681954872,0.815275647562577,0.6994142493578516
copula,3,creative,0.02,336,0.1011904761904761,0.1010154061624649,0.2219105913964178,0.8380060003536272,0.8114290957013741,0.702183065097549
copula,3,creative,0.05,840,0.1011904761904761,0.1010204081632653,0.2237761701097117,0.8384820434851737,0.8112248263389173,0.6975623970300804
copula,3,harmful_orig,0.02,336,0.8363095238095238,0.1154295051353875,0.2324570877498655,0.8311868559668413,0.7684174379987445,0.6895377464424836
copula,3,harmful_orig,0.05,840,0.8630952380952381,0.1373015873015873,0.2299552783635782,0.8216645370225689,0.7596833700666957,0.7001717892916766
copula,3,harmful_rank,0.02,336,0.1011904761904761,0.1010154061624649,0.2265028751564156,0.8177703979813099,0.799116780224841,0.6847111813682355
copula,3,harmful_rank,0.05,840,0.1011904761904761,0.1010204081632653,0.2243696030750675,0.8042848079448232,0.7837059439514681,0.6817579492435394
copula,3,random,0.02,336,0.1011904761904761,0.1010154061624649,0.2324570877498655,0.8287234591176865,0.7965137057931801,0.6964772508436339
copula,3,random,0.05,840,0.1011904761904761,0.1010204081632653,0.2299552783635782,0.8307760899391706,0.8073455074275409,0.6902470781214449
copula,4,BASE,0.0,0,,0.1032142857142857,,0.8296546430010608,0.8011187827413505,0.6966683277205304
copula,4,balance,0.02,336,0.1041666666666666,0.1032329598506069,0.0955550274813812,0.8285329818992245,0.8022954410881846,0.6881105807846136
copula,4,balance,0.05,840,0.1035714285714285,0.1032312925170068,0.1071629638171768,0.8288341817643528,0.7933420266673246,0.6859608909622222
copula,4,clean,0.02,336,0.0982142857142857,0.1031162464985994,0.0999707469723414,0.830722163512806,0.8027205989182846,0.6914258781055453
copula,4,clean,0.05,840,0.0952380952380952,0.1028344671201814,0.10537226091458,0.8286976738050007,0.7996859845774703,0.6897225269058174
copula,4,creative,0.02,336,0.1041666666666666,0.1032329598506069,0.2229929738517962,0.832441512742913,0.8016659282301373,0.6973821996704963
copula,4,creative,0.05,840,0.1035714285714285,0.1032312925170068,0.2130800074899193,0.8348202292545595,0.7984042146736077,0.6947816737871823
copula,4,harmful_orig,0.02,336,0.8690476190476191,0.1182306255835667,0.2119085140749494,0.833428721857173,0.793529505593614,0.6860809511473693
copula,4,harmful_orig,0.05,840,0.8571428571428571,0.1391156462585034,0.2289561710225955,0.8248671413905496,0.7768952804482567,0.6895461416605673
copula,4,harmful_rank,0.02,336,0.1041666666666666,0.1032329598506069,0.2096167856169716,0.8179266518362568,0.7938042776548764,0.6868612138525896
copula,4,harmful_rank,0.05,840,0.1035714285714285,0.1032312925170068,0.2326566236989546,0.7994722491782967,0.7811529838318381,0.6723021923855028
copula,4,random,0.02,336,0.1041666666666666,0.1032329598506069,0.2491670489275408,0.8283270420596999,0.8058848679791989,0.6893033228273174
copula,4,random,0.05,840,0.1035714285714285,0.1032312925170068,0.227832485908442,0.8280384778544428,0.8016887580833956,0.685467115074111
copula,5,BASE,0.0,0,,0.1007142857142857,,0.8259952702369301,0.799917581231445,0.7123952482380322
copula,5,balance,0.02,336,0.1011904761904761,0.1007236227824463,0.0913822721160393,0.8255474967172983,0.7951811790861069,0.7074877078587466
copula,5,balance,0.05,840,0.1011904761904761,0.1007369614512471,0.1021058477990557,0.8262424151774577,0.8002727503556832,0.7143281187035865
copula,5,clean,0.02,336,0.0833333333333333,0.1003734827264239,0.0889418817002807,0.8257832053148242,0.796516447088881,0.7014755109775186
copula,5,clean,0.05,840,0.0952380952380952,0.100453514739229,0.0911258582250874,0.8248879152720325,0.7866042644966569,0.7072972306402845
copula,5,creative,0.02,336,0.1011904761904761,0.1007236227824463,0.2318079473394954,0.8298831556973718,0.7940396007576942,0.7100699441598065
copula,5,creative,0.05,840,0.1011904761904761,0.1007369614512471,0.2346905904840093,0.8312408252259513,0.8103060639516875,0.714282630328051
copula,5,harmful_orig,0.02,336,0.8690476190476191,0.1157796451914099,0.2230464438450429,0.8255795356108018,0.7864998810962991,0.7164838907758142
copula,5,harmful_orig,0.05,840,0.8535714285714285,0.1365646258503401,0.2372230426064428,0.8242352727315093,0.7474882449813729,0.7150581600149126
copula,5,harmful_rank,0.02,336,0.1011904761904761,0.1007236227824463,0.2315864494736837,0.8121173322532629,0.7870441139584036,0.7036311545515103
copula,5,harmful_rank,0.05,840,0.1011904761904761,0.1007369614512471,0.2209741633891285,0.7953397459093015,0.7756717630780364,0.7026671607852166
copula,5,random,0.02,336,0.1011904761904761,0.1007236227824463,0.2245098826030803,0.8225119828888323,0.7936030494173377,0.7064940309999425
copula,5,random,0.05,840,0.1011904761904761,0.1007369614512471,0.2304876702143373,0.8253520937331239,0.7894485301172451,0.70918716127865
copula,6,BASE,0.0,0,,0.104047619047619,,0.8282950459989419,0.811525426545611,0.7169715201649711
copula,6,balance,0.02,336,0.1041666666666666,0.1040499533146592,0.1007573420877348,0.8258326343029296,0.8032094062079381,0.7119630230049536
copula,6,balance,0.05,840,0.1035714285714285,0.1040249433106575,0.1041081440948241,0.8268327360735325,0.8124328382553299,0.7152292125833697
copula,6,clean,0.02,336,0.0952380952380952,0.103874883286648,0.0889019472769721,0.8290378086356297,0.812565405602112,0.7299327517331842
copula,6,clean,0.05,840,0.1011904761904761,0.1039115646258503,0.1045594036092067,0.8302438502457571,0.8060298996548709,0.7189765852227714
copula,6,creative,0.02,336,0.1041666666666666,0.1040499533146592,0.2237856921384897,0.8302931935683718,0.8072082713115182,0.7179527541112583
copula,6,creative,0.05,840,0.1035714285714285,0.1040249433106575,0.2320896728766612,0.8323043622923811,0.8129485445090476,0.7200224966144999
copula,6,harmful_orig,0.02,336,0.8571428571428571,0.1188141923436041,0.2267326588336927,0.8269340355162271,0.798973419026237,0.7153439400917238
copula,6,harmful_orig,0.05,840,0.8476190476190476,0.1394557823129251,0.2269202608031734,0.8201645771140187,0.7820112235499231,0.7127475261519609
copula,6,harmful_rank,0.02,336,0.1041666666666666,0.1040499533146592,0.2454032748732133,0.8156088434884632,0.8006696814066137,0.7018450504878135
copula,6,harmful_rank,0.05,840,0.1035714285714285,0.1040249433106575,0.2149037942468399,0.8008878714113014,0.7980263013616016,0.7067358218473044
copula,6,random,0.02,336,0.1041666666666666,0.1040499533146592,0.2216488105047373,0.8304345416279458,0.8046730011157073,0.7101098642784498
copula,6,random,0.05,840,0.1035714285714285,0.1040249433106575,0.2288102779413903,0.8234074870953505,0.8044480007045132,0.7013592629067055
copula,7,BASE,0.0,0,,0.1029761904761904,,0.8288129795554167,0.7824772009863181,0.6861815010170207
copula,7,balance,0.02,336,0.1041666666666666,0.1029995331465919,0.1002233062043513,0.8282462166692709,0.7875169446340508,0.6783709284905604
copula,7,balance,0.05,840,0.1023809523809523,0.1029478458049886,0.0986778055295299,0.8275852645761546,0.7783344178584449,0.6803852025886056
copula,7,clean,0.02,336,0.1220238095238095,0.1033496732026143,0.1173139405018372,0.8281031124671386,0.7817045410933933,0.6844352742392219
copula,7,clean,0.05,840,0.1047619047619047,0.1030612244897959,0.1044311421104828,0.8288609093974358,0.7812309394283301,0.6900751260653359
copula,7,creative,0.02,336,0.1041666666666666,0.1029995331465919,0.2153537728535846,0.831420594258082,0.7823146935505537,0.7002710541789682
copula,7,creative,0.05,840,0.1023809523809523,0.1029478458049886,0.2245621632907629,0.8328751514565873,0.8046298257084193,0.7098498052652067
copula,7,harmful_orig,0.02,336,0.8333333333333334,0.117296918767507,0.2370724573883387,0.8257067488644182,0.7718000683953278,0.6935398240019628
copula,7,harmful_orig,0.05,840,0.8785714285714286,0.1399092970521541,0.2115045194817144,0.817361173932471,0.7621051334873942,0.7031840021066857
copula,7,harmful_rank,0.02,336,0.1041666666666666,0.1029995331465919,0.2292506995041688,0.8175279646427681,0.7762619126431299,0.6817680791878089
copula,7,harmful_rank,0.05,840,0.1023809523809523,0.1029478458049886,0.2251714111726404,0.7980696480998709,0.7730031973787731,0.6860465350365004
copula,7,random,0.02,336,0.1041666666666666,0.1029995331465919,0.2242747647079625,0.8279033833756864,0.781511279746485,0.6950128635300761
copula,7,random,0.05,840,0.1023809523809523,0.1029478458049886,0.2095541361647713,0.8259472547294204,0.7792657302400553,0.6901424377246149
copula,8,BASE,0.0,0,,0.1035714285714285,,0.8178919573125434,0.7650951161075793,0.6620380317085675
copula,8,balance,0.02,336,0.1041666666666666,0.1035830999066293,0.1072320601789481,0.8199649765208024,0.7748954624017588,0.6501640879640671
copula,8,balance,0.05,840,0.1035714285714285,0.1035714285714285,0.1008311878599101,0.8198940454945435,0.7750886809159218,0.6638986005000123
copula,8,clean,0.02,336,0.0803571428571428,0.1031162464985994,0.0989444387898574,0.8178778653393313,0.7797618190964142,0.6720719235466336
copula,8,clean,0.05,840,0.1119047619047619,0.1039682539682539,0.1039958088467578,0.8211646360518764,0.7765670102880828,0.6755308818953867
copula,8,creative,0.02,336,0.1041666666666666,0.1035830999066293,0.2090004760099585,0.8272383193390187,0.7834090273608724,0.6741656095545121
copula,8,creative,0.05,840,0.1035714285714285,0.1035714285714285,0.2129491847833177,0.8318036046667817,0.7963568951125439,0.6676186244315239
copula,8,harmful_orig,0.02,336,0.875,0.1186974789915966,0.2099594474015945,0.8220467336091076,0.7480409158943067,0.6544715201649711
copula,8,harmful_orig,0.05,840,0.8654761904761905,0.1398526077097505,0.2199513612254183,0.8085877855402134,0.7325318213031572,0.6688562337749561
copula,8,harmful_rank,0.02,336,0.1041666666666666,0.1035830999066293,0.2199480801972645,0.8035999551798153,0.7661746297880156,0.6565554403069155
copula,8,harmful_rank,0.05,840,0.1035714285714285,0.1035714285714285,0.2240516745471641,0.7880770256119256,0.7605908674419052,0.6371709031678413
copula,8,random,0.02,336,0.1041666666666666,0.1035830999066293,0.2186119866303681,0.8182805788108808,0.7812866648299986,0.6638429821802072
copula,8,random,0.05,840,0.1035714285714285,0.1035714285714285,0.2238639540686151,0.8186111619393023,0.7750918505390758,0.6711530754939129
copula,9,BASE,0.0,0,,0.1020238095238095,,0.8382122828551144,0.8060566272879539,0.7101344931070119
copula,9,balance,0.02,336,0.1011904761904761,0.1020074696545284,0.0986369775021887,0.838327417274549,0.8077504482018472,0.6904239559432661
copula,9,balance,0.05,840,0.1023809523809523,0.1020408163265306,0.0975871956834151,0.8377516166791397,0.81909855574836,0.7024313451058277
copula,9,clean,0.02,336,0.0982142857142857,0.1019491129785247,0.0805341480793508,0.8385506187104396,0.8090273351727428,0.7114012287172654
copula,9,clean,0.05,840,0.0952380952380952,0.1017006802721088,0.0955056777584294,0.8366045557593252,0.8128086955955602,0.7054342203823559
copula,9,creative,0.02,336,0.1011904761904761,0.1020074696545284,0.2234179493841918,0.8392343149913238,0.8186550655032608,0.7102667177918316
copula,9,creative,0.05,840,0.1023809523809523,0.1020408163265306,0.2141692141131148,0.8391124129981277,0.815988170281065,0.7090241398499415
copula,9,harmful_orig,0.02,336,0.8898809523809523,0.1174719887955182,0.2023208666197508,0.8329679700157077,0.7940171563991437,0.7047266662623256
copula,9,harmful_orig,0.05,840,0.8642857142857143,0.1383219954648526,0.2113117262298737,0.8226817290585567,0.7614543755876653,0.7017869692851524
copula,9,harmful_rank,0.02,336,0.1011904761904761,0.1020074696545284,0.2229252018404924,0.8291189338552759,0.8029495399420491,0.7035418696938796
copula,9,harmful_rank,0.05,840,0.1023809523809523,0.1020408163265306,0.2308288200687396,0.8106578921217904,0.779262132289448,0.6947582442754893
copula,9,random,0.02,336,0.1011904761904761,0.1020074696545284,0.2052019331644073,0.8372175780104224,0.8116364918542398,0.7113942898125228
copula,9,random,0.05,840,0.1023809523809523,0.1020408163265306,0.2124591600461341,0.837557241680853,0.8045892202658509,0.7010769736986384
copula,10,BASE,0.0,0,,0.1000595238095238,,0.8370769581075191,0.8203646060346883,0.7218848429648758
copula,10,balance,0.02,336,0.1011904761904761,0.1000816993464052,0.1021441973827389,0.8374411649410209,0.818640459537105,0.7130429650128429
copula,10,balance,0.05,840,0.1,0.1000566893424036,0.0901814997413831,0.8369624661792643,0.8115090216041514,0.7246888458048582
copula,10,clean,0.02,336,0.0982142857142857,0.1000233426704015,0.1094577678255527,0.8364369512268668,0.8136157501829816,0.7173697361982615
copula,10,clean,0.05,840,0.0988095238095238,0.1,0.0906845982365807,0.8344418876151003,0.809421310764246,0.725645193926111
copula,10,creative,0.02,336,0.1011904761904761,0.1000816993464052,0.2039886554203253,0.8383022744530431,0.821156968990463,0.7344175757488535
copula,10,creative,0.05,840,0.1,0.1000566893424036,0.233036328984232,0.8400809042026806,0.8144044723554036,0.7307422906198344
copula,10,harmful_orig,0.02,336,0.8630952380952381,0.1150210084033613,0.2263736259768325,0.8339073777861845,0.7974223596525133,0.7312842961791821
copula,10,harmful_orig,0.05,840,0.85,0.1357709750566893,0.2243429448459851,0.8248959249954082,0.7780912563632326,0.7201989889416132
copula,10,harmful_rank,0.02,336,0.1011904761904761,0.1000816993464052,0.2319977128415001,0.8252968823243995,0.8100237104945023,0.7085425284615027
copula,10,harmful_rank,0.05,840,0.1,0.1000566893424036,0.2275300990796658,0.8066532874303369,0.7855675407288009,0.711013056962754
copula,10,random,0.02,336,0.1011904761904761,0.1000816993464052,0.2334586847517797,0.8353052672626244,0.8144908660027248,0.7292236556343221
copula,10,random,0.05,840,0.1,0.1000566893424036,0.2028966879287802,0.8351915463237853,0.8042095936440319,0.7079034853176202
