arm,dgp_seed,gen_seed,n,on_manifold_row_share,n_on_manifold,n_off_manifold,frac_density_zero_ruleclean,frac_density_zero_violating,density_zero_violating_exact,n_cigs_in_tol_band,mean_pstar,prev,R1_smoker_cigs__violation_rate,R2_glucose_floor__violation_rate,R3_glucose_ceil__violation_rate,R4_bp_mandatory__violation_rate,R5_anatomical__violation_rate,R6_preg_age__violation_rate,R7_smoker_cigs_min__violation_rate,excess_all,se_all,mass_all,excess_on_manifold,se_on_manifold,mass_on_manifold,excess_off_manifold,se_off_manifold,mass_off_manifold,excess_mass_on_manifold,excess_mass_off_manifold,on_manifold_excess_share
real,0,,16000,1.0,16000,0,0.0,,True,0,0.09956395268381822,0.098625,0.0,0.0,0.0,0.0,0.0,0.0,0.0,-0.0017240033750699768,0.00137345962648372,1.0,-0.0017240033750699768,0.00137345962648372,1.0,,,0.0,-0.0017240033750699768,,
copula_dt,0,0.0,24000,0.64075,15378,8622,0.0,1.0,True,0,0.0987222715226724,0.09770833333333333,0.11658333333333333,0.030708333333333334,0.051125,0.09041666666666667,0.004666666666666667,0.004958333333333334,0.112875,0.0331371648308417,0.001132273510688926,1.0,0.03740431762103007,0.0013182830863420207,0.64075,0.02552636970122954,0.0020988655198893877,0.35925,0.02396681651567502,0.009170348315166712,0.7232609258523046
copula_dt,0,1.0,24000,0.6366666666666667,15280,8720,0.0,1.0,True,0,0.09871130512458888,0.09541666666666666,0.11625,0.032375,0.050666666666666665,0.09058333333333334,0.004375,0.005,0.11670833333333333,0.029500885604511584,0.0011361214290862103,1.0,0.033881037952935844,0.001325876120794042,0.6366666666666667,0.021825572773786522,0.002092825022960281,0.36333333333333334,0.02157092749670249,0.007929958107809103,0.7311959303826334
copula_dt,0,2.0,24000,0.644,15456,8544,0.0,1.0,True,0,0.09754476179646333,0.10041666666666667,0.11475,0.032,0.052458333333333336,0.091375,0.00425,0.004916666666666666,0.11141666666666666,0.0330030619607691,0.0011336928104124081,1.0,0.0379223570238575,0.0013129500252171068,0.644,0.024104112464620325,0.002121338583428157,0.356,0.024421997923364233,0.008581064037404836,0.7399918817349374
copula_dt,0,3.0,24000,0.6407916666666666,15379,8621,0.0,1.0,True,0,0.09637998626989933,0.09808333333333333,0.11479166666666667,0.03229166666666667,0.05466666666666667,0.0915,0.004833333333333334,0.004083333333333333,0.11158333333333334,0.03269620621084662,0.0011339501615832536,1.0,0.03685709015823313,0.0013119248226734542,0.6407916666666666,0.02527360625412961,0.002118538751424379,0.35920833333333335,0.023617716230977803,0.009078489979868808,0.7223381232267517
copula_dt,0,4.0,24000,0.6343333333333333,15224,8776,0.0,1.0,True,0,0.09926100763094206,0.09641666666666666,0.11620833333333333,0.03275,0.049666666666666665,0.09233333333333334,0.004583333333333333,0.005,0.11983333333333333,0.03133363295868158,0.0011362841512554817,1.0,0.03446740149160085,0.0013253669439838303,0.6343333333333333,0.02589738727213156,0.0020904583905313637,0.36566666666666664,0.02186382167950547,0.009469811279176107,0.6977748704829864
real,1,,16000,1.0,16000,0,0.0,,True,0,0.10224568841743861,0.1019375,0.0,0.0,0.0,0.0,0.0,0.0,0.0,0.00044055094991402033,0.0013714332262144003,1.0,0.00044055094991402033,0.0013714332262144003,1.0,,,0.0,0.00044055094991402033,,
copula_dt,1,0.0,24000,0.6419583333333333,15407,8593,0.0,1.0,True,0,0.09853568816458702,0.10166666666666667,0.11354166666666667,0.03170833333333333,0.051708333333333335,0.09166666666666666,0.0055,0.004208333333333333,0.11191666666666666,0.03634117396536565,0.0011318325517230834,1.0,0.04088892085349194,0.0013133976524002694,0.6419583333333333,0.028187195575354984,0.002108922078222613,0.35804166666666665,0.02624898348290626,0.010092190482459391,0.7222932178229139
copula_dt,1,1.0,24000,0.6435833333333333,15446,8554,0.0,1.0,True,0,0.0991674007655546,0.09866666666666667,0.11466666666666667,0.03191666666666667,0.0475,0.090625,0.005583333333333333,0.005291666666666667,0.11358333333333333,0.0325461891431518,0.0011360034250524227,1.0,0.035846444240419065,0.0013151922045633745,0.6435833333333333,0.02658690223265492,0.0021257733093701723,0.35641666666666666,0.02307017407239637,0.009476015070755423,0.7088440975662025
copula_dt,1,2.0,24000,0.6455,15492,8508,0.0,1.0,True,0,0.09805296480312584,0.10358333333333333,0.11304166666666667,0.03225,0.051333333333333335,0.09216666666666666,0.0045,0.005291666666666667,0.11075,0.03595263351428363,0.0011331423876679242,1.0,0.04072161521891829,0.0013097706183816582,0.6455,0.027268916475238075,0.0021282450886105455,0.3545,0.026285802623811753,0.009666830890471897,0.7311231488332738
copula_dt,1,3.0,24000,0.64125,15390,8610,0.0,1.0,True,0,0.09674162136780538,0.10179166666666667,0.11366666666666667,0.033791666666666664,0.053375,0.09270833333333334,0.004916666666666666,0.00475,0.11045833333333334,0.035319458781280566,0.0011327423673403684,1.0,0.04035392460298183,0.0013082694672665568,0.64125,0.02632057039614899,0.002121592090692286,0.35875,0.025876954151662097,0.00944250462961845,0.7326543227037495
copula_dt,1,4.0,24000,0.6400833333333333,15362,8638,0.0,1.0,True,0,0.09978734106145778,0.10170833333333333,0.11708333333333333,0.030041666666666668,0.049958333333333334,0.09320833333333334,0.005125,0.0057083333333333335,0.11416666666666667,0.03593972244871796,0.0011340538422918533,1.0,0.03830650982895774,0.001317016714064666,0.6400833333333333,0.03173057823301492,0.002107626612214649,0.35991666666666666,0.024519358499685368,0.011420363949032621,0.6822356108807401
real,2,,16000,1.0,16000,0,0.0,,True,0,0.10068516910054229,0.10025,0.0,0.0,0.0,0.0,0.0,0.0,0.0,0.0005819557667218478,0.0013734385907633495,1.0,0.0005819557667218478,0.0013734385907633495,1.0,,,0.0,0.0005819557667218478,,
copula_dt,2,0.0,24000,0.6426666666666667,15424,8576,0.0,1.0,True,0,0.09796610411951341,0.10066666666666667,0.11633333333333333,0.030625,0.051708333333333335,0.09116666666666666,0.004458333333333333,0.004791666666666666,0.110875,0.03493819416755947,0.0011328438962277553,1.0,0.03987609588145048,0.0013170715169940938,0.6426666666666667,0.02605734108511365,0.0021070328069135516,0.35733333333333334,0.02562703761981218,0.009311156547747277,0.7334963420521372
copula_dt,2,1.0,24000,0.6389166666666667,15334,8666,0.0,1.0,True,0,0.09897905825569578,0.09704166666666666,0.11545833333333333,0.03129166666666667,0.049958333333333334,0.09108333333333334,0.004416666666666667,0.004666666666666667,0.11695833333333333,0.03144400447071383,0.001135787971185617,1.0,0.03554408867891033,0.001322933331301853,0.6389166666666667,0.02418913587522739,0.002101087480564701,0.3610833333333333,0.022709710658433795,0.008734293812280023,0.7222270522059322
copula_dt,2,2.0,24000,0.6455,15492,8508,0.0,1.0,True,0,0.09777326534069501,0.102375,0.11341666666666667,0.03129166666666667,0.05329166666666667,0.090875,0.0034583333333333332,0.004125,0.11075,0.03499555941337548,0.0011320211651386293,1.0,0.04002381554798705,0.001309933458901888,0.6455,0.025839736183779466,0.002123158753841345,0.3545,0.025835372936225637,0.00916018647714982,0.7382471767646968
copula_dt,2,3.0,24000,0.6462916666666667,15511,8489,0.0,1.0,True,0,0.09782831203327906,0.10029166666666667,0.11466666666666667,0.030666666666666665,0.050583333333333334,0.0915,0.004291666666666667,0.00425,0.110625,0.03431908768338848,0.001134052653959504,1.0,0.03592766637014934,0.0013128331968975601,0.6462916666666667,0.03137991180750821,0.0021272946444675397,0.35370833333333335,0.023219751377807768,0.011099336305580717,0.6765841677384349
copula_dt,2,4.0,24000,0.6384166666666666,15322,8678,0.0,1.0,True,0,0.0992259699449149,0.09741666666666667,0.1205,0.03204166666666667,0.04958333333333333,0.09116666666666666,0.004625,0.005083333333333333,0.11366666666666667,0.03202634072577695,0.0011341166072154417,1.0,0.03636352760111951,0.0013201260248263994,0.6384166666666666,0.02436854200441277,0.0020988164425570456,0.3615833333333333,0.023215082079348043,0.008811258646428916,0.7248746361042421
real,3,,16000,1.0,16000,0,0.0,,True,0,0.10125535046442596,0.100625,0.0,0.0,0.0,0.0,0.0,0.0,0.0,-0.00020402396589139227,0.001371936983409318,1.0,-0.00020402396589139227,0.001371936983409318,1.0,,,0.0,-0.00020402396589139227,,
copula_dt,3,0.0,24000,0.6397083333333333,15353,8647,0.0,1.0,True,0,0.09854329173333373,0.101375,0.11670833333333333,0.030708333333333334,0.052875,0.09229166666666666,0.005083333333333333,0.005208333333333333,0.111875,0.03607517362391846,0.0011333537990435743,1.0,0.04212166771715346,0.0013172374087361122,0.6397083333333333,0.025339447497696843,0.0021036159697723376,0.3602916666666667,0.026945581852560713,0.009129591771357692,0.7469286810222133
copula_dt,3,1.0,24000,0.6384166666666666,15322,8678,0.0,1.0,True,0,0.09721209135968616,0.09745833333333333,0.11291666666666667,0.03158333333333333,0.055125,0.09091666666666667,0.004375,0.003916666666666666,0.115,0.031407402706469245,0.0011375348811254354,1.0,0.03242031339723736,0.0013203852833885827,0.6384166666666666,0.02961899321073877,0.0021124130490546345,0.3615833333333333,0.02069766841135295,0.010709734295116293,0.6590060504140216
copula_dt,3,2.0,24000,0.6437083333333333,15449,8551,0.0,1.0,True,0,0.09729637692125948,0.10225,0.113625,0.030916666666666665,0.054625,0.08970833333333333,0.004125,0.00475,0.10991666666666666,0.03567096396647729,0.0011346267486154959,1.0,0.03980402827010253,0.0013141702756480002,0.6437083333333333,0.028203801011652513,0.0021222717180381183,0.3562916666666667,0.02562218469770058,0.010048779268776693,0.7182924667183007
copula_dt,3,3.0,24000,0.6390833333333333,15338,8662,0.0,1.0,True,0,0.09870580935535113,0.099125,0.11254166666666666,0.030666666666666665,0.052833333333333336,0.094875,0.004958333333333334,0.004416666666666667,0.112625,0.032585141770556186,0.0011360559070868208,1.0,0.03529610749317608,0.0013206041462892138,0.6390833333333333,0.027784773235166815,0.00210707470883914,0.36091666666666666,0.022557154030430612,0.010027987740125623,0.69225275093979
copula_dt,3,4.0,24000,0.6343333333333333,15224,8776,0.0,1.0,True,0,0.09910258942059806,0.098875,0.11520833333333333,0.033875,0.051583333333333335,0.09454166666666666,0.004583333333333333,0.004916666666666666,0.11675,0.03375382026539789,0.0011360257575788585,1.0,0.038507559526817794,0.0013247205262763926,0.6343333333333333,0.025507360999689616,0.0020906411065317386,0.36566666666666664,0.024426628593178085,0.009327191672219836,0.7236700438977739
real,4,,16000,1.0,16000,0,0.0,,True,0,0.10078570560230107,0.1008125,0.0,0.0,0.0,0.0,0.0,0.0,0.0,-0.0007619128047559598,0.0013718774847075645,1.0,-0.0007619128047559598,0.0013718774847075645,1.0,,,0.0,-0.0007619128047559598,,
copula_dt,4,0.0,24000,0.6401666666666667,15364,8636,0.0,1.0,True,0,0.09810340213100704,0.10054166666666667,0.11629166666666667,0.031375,0.052625,0.08958333333333333,0.00525,0.004083333333333333,0.11266666666666666,0.035527056905323956,0.0011325285844754334,1.0,0.04060044766846724,0.001318703231390782,0.6401666666666667,0.02650116810438219,0.0020980822374087383,0.35983333333333334,0.02599105324909711,0.009536003656226857,0.7315847557640548
copula_dt,4,1.0,24000,0.6386666666666667,15328,8672,0.0,1.0,True,0,0.09855504819785257,0.098625,0.11425,0.03295833333333333,0.051125,0.09016666666666667,0.004541666666666667,0.004875,0.11525,0.0320261580342682,0.001136564338344214,1.0,0.036058941514774484,0.0013243306134977958,0.6386666666666667,0.024898101624074326,0.0021011186261404476,0.36133333333333334,0.023029643980769305,0.008996514053498857,0.7190885636712171
copula_dt,4,2.0,24000,0.6429166666666667,15430,8570,0.0,1.0,True,0,0.09768066839243097,0.10220833333333333,0.11383333333333333,0.030583333333333334,0.05275,0.08933333333333333,0.004125,0.005166666666666667,0.112625,0.03572641172638266,0.0011347497249412743,1.0,0.04119929223417876,0.0013166446729375256,0.6429166666666667,0.025872672375706618,0.002116357892843273,0.3570833333333333,0.026487711632224093,0.00923870009415857,0.741404197966623
copula_dt,4,3.0,24000,0.6392083333333334,15341,8659,0.0,1.0,True,0,0.09771376123142367,0.099,0.1145,0.034541666666666665,0.05408333333333333,0.08983333333333333,0.004583333333333333,0.004875,0.11441666666666667,0.03371220835860245,0.0011333528649489666,1.0,0.037500365014119644,0.0013106253310718615,0.6392083333333334,0.027000796965567564,0.0021156536774065452,0.3607916666666667,0.023970545820067062,0.009741662538535398,0.711034577298773
copula_dt,4,4.0,24000,0.638375,15321,8679,0.0,1.0,True,0,0.09918876689740135,0.098875,0.11616666666666667,0.03,0.051625,0.088125,0.0047083333333333335,0.004916666666666666,0.11916666666666667,0.03336400619886934,0.0011349655141002204,1.0,0.03559176879231046,0.0013197799237526643,0.638375,0.029431346826348237,0.00210292684492368,0.361625,0.022720895402791194,0.01064311079607818,0.6810002152427711
