gen,ruleset,subset,mass,prev,mean_pstar,abs_res,bayes_floor,excess,AUC_pstar_y
REAL,R1-R6,ALL,1.0,0.098625,0.09956395268381822,0.13559261634992753,0.1373166197249975,-0.0017240033750699768,0.853490319588138
REAL,R1-R6,on-manifold,1.0,0.098625,0.09956395268381822,0.13559261634992753,0.1373166197249975,-0.0017240033750699768,0.853490319588138
REAL,R1-R6+R7,ALL,1.0,0.098625,0.09956395268381822,0.13559261634992753,0.1373166197249975,-0.0017240033750699768,0.853490319588138
REAL,R1-R6+R7,on-manifold,1.0,0.098625,0.09956395268381822,0.13559261634992753,0.1373166197249975,-0.0017240033750699768,0.853490319588138
copula,R1-R6,ALL,1.0,0.09770833333333333,0.0987222715226724,0.1703157721406615,0.1371786073098198,0.0331371648308417,0.5819953831134592
copula,R1-R6,on-manifold,0.7346666666666667,0.09278584392014519,0.07994022888073864,0.15216614386397867,0.11629696366392321,0.03586918020005546,0.5830739469708502
copula,R1-R6,off-manifold,0.2653333333333333,0.11133793969849247,0.15072682175234833,0.2205692655097682,0.19499662564594547,0.025572639863822716,0.562590239694574
copula,R1-R6+R7,ALL,1.0,0.09770833333333333,0.0987222715226724,0.1703157721406615,0.1371786073098198,0.0331371648308417,0.5819953831134592
copula,R1-R6+R7,on-manifold,0.64075,0.08993367147873586,0.07136174225988165,0.1431048832680428,0.10570056564701273,0.03740431762103007,0.5820916312173261
copula,R1-R6+R7,off-manifold,0.35925,0.11157504059382974,0.14752187938664788,0.21884848486197098,0.19332211516074144,0.02552636970122954,0.5599110860207466
REAL,R1-R6,ALL,1.0,0.098625,0.09956395268381822,0.13559261634992753,0.1373166197249975,-0.0017240033750699768,0.853490319588138
REAL,R1-R6,on-manifold,1.0,0.098625,0.09956395268381822,0.13559261634992753,0.1373166197249975,-0.0017240033750699768,0.853490319588138
REAL,R1-R6+R7,ALL,1.0,0.098625,0.09956395268381822,0.13559261634992753,0.1373166197249975,-0.0017240033750699768,0.853490319588138
REAL,R1-R6+R7,on-manifold,1.0,0.098625,0.09956395268381822,0.13559261634992753,0.1373166197249975,-0.0017240033750699768,0.853490319588138
copula,R1-R6,ALL,1.0,0.09541666666666666,0.09871130512458888,0.1669360912267425,0.1374352056222309,0.029500885604511584,0.6010284033880509
copula,R1-R6,on-manifold,0.73175,0.087176859127662,0.0782105244634435,0.14553385842827962,0.11543451282373957,0.030099345604540056,0.5946239611438664
copula,R1-R6,off-manifold,0.26825,0.11789375582479031,0.15463468349846818,0.2253185100534906,0.19745014301382843,0.027868367039662167,0.5866568948633305
copula,R1-R6+R7,ALL,1.0,0.09541666666666666,0.09871130512458888,0.1669360912267425,0.1374352056222309,0.029500885604511584,0.6010284033880509
copula,R1-R6+R7,on-manifold,0.6366666666666667,0.08606020942408377,0.06993757782349024,0.13842347528496268,0.10454243733202684,0.033881037952935844,0.5921056851798153
copula,R1-R6+R7,off-manifold,0.36333333333333334,0.11181192660550458,0.14913132268889928,0.21689856503298052,0.195072992259194,0.021825572773786522,0.5971095330320637
REAL,R1-R6,ALL,1.0,0.098625,0.09956395268381822,0.13559261634992753,0.1373166197249975,-0.0017240033750699768,0.853490319588138
REAL,R1-R6,on-manifold,1.0,0.098625,0.09956395268381822,0.13559261634992753,0.1373166197249975,-0.0017240033750699768,0.853490319588138
REAL,R1-R6+R7,ALL,1.0,0.098625,0.09956395268381822,0.13559261634992753,0.1373166197249975,-0.0017240033750699768,0.853490319588138
REAL,R1-R6+R7,on-manifold,1.0,0.098625,0.09956395268381822,0.13559261634992753,0.1373166197249975,-0.0017240033750699768,0.853490319588138
copula,R1-R6,ALL,1.0,0.10041666666666667,0.09754476179646333,0.1698681565685269,0.1368650946077578,0.0330030619607691,0.5941373849503861
copula,R1-R6,on-manifold,0.7349583333333334,0.09320256250354328,0.07788019577467041,0.1503139476915536,0.1151895629785461,0.035124384713007495,0.5880827646108995
copula,R1-R6,off-manifold,0.2650416666666667,0.12042131740292407,0.1520744395292735,0.2240918148582505,0.19697116321452804,0.02712065164372246,0.5829463550307179
copula,R1-R6+R7,ALL,1.0,0.10041666666666667,0.09754476179646333,0.1698681565685269,0.1368650946077578,0.0330030619607691,0.5941373849503861
copula,R1-R6+R7,on-manifold,0.644,0.09187370600414078,0.06935445919915315,0.1425801645645683,0.10465780754071079,0.0379223570238575,0.5868176499865536
copula,R1-R6+R7,off-manifold,0.356,0.11587078651685394,0.14854070245002451,0.21923182749703624,0.1951277150324159,0.024104112464620325,0.5845182029455263
REAL,R1-R6,ALL,1.0,0.098625,0.09956395268381822,0.13559261634992753,0.1373166197249975,-0.0017240033750699768,0.853490319588138
REAL,R1-R6,on-manifold,1.0,0.098625,0.09956395268381822,0.13559261634992753,0.1373166197249975,-0.0017240033750699768,0.853490319588138
REAL,R1-R6+R7,ALL,1.0,0.098625,0.09956395268381822,0.13559261634992753,0.1373166197249975,-0.0017240033750699768,0.853490319588138
REAL,R1-R6+R7,on-manifold,1.0,0.098625,0.09956395268381822,0.13559261634992753,0.1373166197249975,-0.0017240033750699768,0.853490319588138
copula,R1-R6,ALL,1.0,0.09808333333333333,0.09637998626989933,0.1679805188597967,0.13528431264895008,0.03269620621084662,0.5887635962966624
copula,R1-R6,on-manifold,0.731,0.09171226630186959,0.07533354912049704,0.14677719213775664,0.11237419969287261,0.034402992444884026,0.5897147029290646
copula,R1-R6,off-manifold,0.269,0.11539653035935564,0.1535730924268253,0.22559996805612126,0.19754190584929443,0.028058062206826828,0.5626123611680743
copula,R1-R6+R7,ALL,1.0,0.09808333333333333,0.09637998626989933,0.1679805188597967,0.13528431264895008,0.03269620621084662,0.5887635962966624
copula,R1-R6+R7,on-manifold,0.6407916666666666,0.08940763378633201,0.06771678277509999,0.13908840571281803,0.1022313155545849,0.03685709015823313,0.5879495728493157
copula,R1-R6+R7,off-manifold,0.35920833333333335,0.11355991184317364,0.14751226866712927,0.21952115313509946,0.19424754688096985,0.02527360625412961,0.5665503979272656
REAL,R1-R6,ALL,1.0,0.098625,0.09956395268381822,0.13559261634992753,0.1373166197249975,-0.0017240033750699768,0.853490319588138
REAL,R1-R6,on-manifold,1.0,0.098625,0.09956395268381822,0.13559261634992753,0.1373166197249975,-0.0017240033750699768,0.853490319588138
REAL,R1-R6+R7,ALL,1.0,0.098625,0.09956395268381822,0.13559261634992753,0.1373166197249975,-0.0017240033750699768,0.853490319588138
REAL,R1-R6+R7,on-manifold,1.0,0.098625,0.09956395268381822,0.13559261634992753,0.1373166197249975,-0.0017240033750699768,0.853490319588138
copula,R1-R6,ALL,1.0,0.09641666666666666,0.09926100763094206,0.16982347462938846,0.13848984167070688,0.03133363295868158,0.5919738714365186
copula,R1-R6,on-manifold,0.73225,0.0891089108910891,0.0785643772475353,0.14808230074910816,0.11608122660799944,0.032001074141108726,0.5926452482570975
copula,R1-R6,off-manifold,0.26775,0.1164021164021164,0.15586271668136076,0.2292818297137405,0.19977353309803655,0.02950829661570395,0.5612425667695751
copula,R1-R6+R7,ALL,1.0,0.09641666666666666,0.09926100763094206,0.16982347462938846,0.13848984167070688,0.03133363295868158,0.5919738714365186
copula,R1-R6+R7,on-manifold,0.6343333333333333,0.08690225959012086,0.07000751879749124,0.13970539313827687,0.10523799164667602,0.03446740149160085,0.5935471343818123
copula,R1-R6+R7,off-manifold,0.36566666666666664,0.11292160437556974,0.1500079440484962,0.22207024680585644,0.19617285953372487,0.02589738727213156,0.5657285511802757
