coupling,bayes_auc_target,prevalence,n_nuisance,seed,outcome,exception_type,exception_message,solved_gamma,solved_alpha,realised_prevalence,expected_bayes_auc
0.0,0.65,0.05,0,0,ok,,,0.5431855367888007,-3.075702725886305,0.0456,0.6499999999999991
0.0,0.65,0.05,20,0,ok,,,0.5431855367888007,-3.075702725886305,0.0456,0.6499999999999991
0.0,0.65,0.05,0,1,ok,,,0.5419475944891445,-3.075508964159922,0.0524,0.6499999999999997
0.0,0.65,0.05,20,1,ok,,,0.5419475944891445,-3.075508964159922,0.0476,0.6499999999999997
0.0,0.65,0.05,0,2,ok,,,0.5425078263333376,-3.075756962509633,0.0546,0.6500000000000006
0.0,0.65,0.05,20,2,ok,,,0.5425078263333376,-3.075756962509633,0.0474,0.6500000000000006
0.0,0.65,0.05,0,3,ok,,,0.5441347029832728,-3.0760932034756543,0.05,0.6499999999999998
0.0,0.65,0.05,20,3,ok,,,0.5441347029832728,-3.0760932034756543,0.0446,0.6499999999999998
0.0,0.65,0.05,0,4,ok,,,0.5424221146570061,-3.0755123177163486,0.0446,0.6499999999999965
0.0,0.65,0.05,20,4,ok,,,0.5424221146570061,-3.0755123177163486,0.0482,0.6499999999999965
0.0,0.65,0.05,0,5,ok,,,0.5424785939482378,-3.0757178146597273,0.049,0.6500000000000015
0.0,0.65,0.05,20,5,ok,,,0.5424785939482378,-3.0757178146597273,0.0492,0.6500000000000015
0.0,0.65,0.05,0,6,ok,,,0.5452351517708811,-3.076190992187957,0.0552,0.6499999999999994
0.0,0.65,0.05,20,6,ok,,,0.5452351517708811,-3.076190992187957,0.048,0.6499999999999994
0.0,0.65,0.05,0,7,ok,,,0.543953116589225,-3.075921639020161,0.0492,0.6499999999999987
0.0,0.65,0.05,20,7,ok,,,0.543953116589225,-3.075921639020161,0.0496,0.6499999999999987
0.0,0.65,0.1,0,0,ok,,,0.5449438145372578,-2.3137813715009816,0.095,0.6500000000000011
0.0,0.65,0.1,20,0,ok,,,0.5449438145372578,-2.3137813715009816,0.0938,0.6500000000000011
0.0,0.65,0.1,0,1,ok,,,0.5440365608791328,-2.3135987224463426,0.1012,0.6499999999999974
0.0,0.65,0.1,20,1,ok,,,0.5440365608791328,-2.3135987224463426,0.1024,0.6499999999999974
0.0,0.65,0.1,0,2,ok,,,0.5446881163919124,-2.313817027726475,0.1046,0.65
0.0,0.65,0.1,20,2,ok,,,0.5446881163919124,-2.313817027726475,0.0958,0.65
0.0,0.65,0.1,0,3,ok,,,0.5460631577745577,-2.3141381253803552,0.1016,0.6500000000000005
0.0,0.65,0.1,20,3,ok,,,0.5460631577745577,-2.3141381253803552,0.0938,0.6500000000000005
0.0,0.65,0.1,0,4,ok,,,0.5442782960575524,-2.3136059127462065,0.0926,0.6499999999999978
0.0,0.65,0.1,20,4,ok,,,0.5442782960575524,-2.3136059127462065,0.096,0.6499999999999978
0.0,0.65,0.1,0,5,ok,,,0.5446531678008958,-2.3137812004523903,0.0956,0.6499999999999994
0.0,0.65,0.1,20,5,ok,,,0.5446531678008958,-2.3137812004523903,0.1052,0.6499999999999994
0.0,0.65,0.1,0,6,ok,,,0.5468101548292639,-2.3142441907598923,0.1026,0.6500000000000027
0.0,0.65,0.1,20,6,ok,,,0.5468101548292639,-2.3142441907598923,0.0976,0.6500000000000027
0.0,0.65,0.1,0,7,ok,,,0.5457771563227791,-2.3140082570948337,0.102,0.6500000000000004
0.0,0.65,0.1,20,7,ok,,,0.5457771563227791,-2.3140082570948337,0.0988,0.6500000000000004
0.0,0.65,0.3,0,0,ok,,,0.5497815864994299,-0.9051327634579956,0.2974,0.6499999999999996
0.0,0.65,0.3,20,0,ok,,,0.5497815864994299,-0.9051327634579956,0.297,0.6499999999999996
0.0,0.65,0.3,0,1,ok,,,0.5499216260757416,-0.9049496946088622,0.3018,0.650000000000001
0.0,0.65,0.3,20,1,ok,,,0.5499216260757416,-0.9049496946088622,0.2946,0.650000000000001
0.0,0.65,0.3,0,2,ok,,,0.5506240004937426,-0.9050600080980451,0.31,0.6499999999999994
0.0,0.65,0.3,20,2,ok,,,0.5506240004937426,-0.9050600080980451,0.2946,0.6499999999999994
0.0,0.65,0.3,0,3,ok,,,0.5510882661410125,-0.9053462109941085,0.2986,0.6500000000000007
0.0,0.65,0.3,20,3,ok,,,0.5510882661410125,-0.9053462109941085,0.303,0.6500000000000007
0.0,0.65,0.3,0,4,ok,,,0.5495381039314793,-0.9050051236002311,0.2884,0.6500000000000025
0.0,0.65,0.3,20,4,ok,,,0.5495381039314793,-0.9050051236002311,0.296,0.6500000000000025
0.0,0.65,0.3,0,5,ok,,,0.5506662866724809,-0.9050589123024343,0.2982,0.6499999999999978
0.0,0.65,0.3,20,5,ok,,,0.5506662866724809,-0.9050589123024343,0.3016,0.6499999999999978
0.0,0.65,0.3,0,6,ok,,,0.5508897398015454,-0.9055172262940842,0.2926,0.6500000000000012
0.0,0.65,0.3,20,6,ok,,,0.5508897398015454,-0.9055172262940842,0.297,0.6500000000000012
0.0,0.65,0.3,0,7,ok,,,0.5508066100306294,-0.9053344129216431,0.301,0.6500000000000007
0.0,0.65,0.3,20,7,ok,,,0.5508066100306294,-0.9053344129216431,0.2974,0.6500000000000007
0.0,0.85,0.05,0,0,ok,,,1.6303624768563314,-3.9851571360811517,0.0468,0.8499999999999994
0.0,0.85,0.05,20,0,ok,,,1.6303624768563314,-3.9851571360811517,0.0494,0.8499999999999994
0.0,0.85,0.05,0,1,ok,,,1.613795460779508,-3.9734548289195035,0.0498,0.850000000000001
0.0,0.85,0.05,20,1,ok,,,1.613795460779508,-3.9734548289195035,0.0512,0.850000000000001
0.0,0.85,0.05,0,2,ok,,,1.6146648331609168,-3.9732936663313247,0.0542,0.8500000000000009
0.0,0.85,0.05,20,2,ok,,,1.6146648331609168,-3.9732936663313247,0.0494,0.8500000000000009
0.0,0.85,0.05,0,3,ok,,,1.6290141621417416,-3.9822640462771837,0.0522,0.8499999999999984
0.0,0.85,0.05,20,3,ok,,,1.6290141621417416,-3.9822640462771837,0.0434,0.8499999999999984
0.0,0.85,0.05,0,4,ok,,,1.6243831331296321,-3.9814062524124427,0.0448,0.8499999999999971
0.0,0.85,0.05,20,4,ok,,,1.6243831331296321,-3.9814062524124427,0.0518,0.8499999999999971
0.0,0.85,0.05,0,5,ok,,,1.6178073636455972,-3.9756757896353023,0.048,0.849999999999994
0.0,0.85,0.05,20,5,ok,,,1.6178073636455972,-3.9756757896353023,0.0534,0.849999999999994
0.0,0.85,0.05,0,6,ok,,,1.6448352297829527,-3.9935655881515504,0.0556,0.8499999999999982
0.0,0.85,0.05,20,6,ok,,,1.6448352297829527,-3.9935655881515504,0.0502,0.8499999999999982
0.0,0.85,0.05,0,7,ok,,,1.6259948237323096,-3.9806716685525467,0.05,0.850000000000001
0.0,0.85,0.05,20,7,ok,,,1.6259948237323096,-3.9806716685525467,0.0478,0.850000000000001
0.0,0.85,0.1,0,0,ok,,,1.6715551716726356,-3.1288284106733197,0.0996,0.8500000000000006
0.0,0.85,0.1,20,0,ok,,,1.6715551716726356,-3.1288284106733197,0.1016,0.8500000000000006
0.0,0.85,0.1,0,1,ok,,,1.6593287917176254,-3.1189717349757506,0.1014,0.8500000000000015
0.0,0.85,0.1,20,1,ok,,,1.6593287917176254,-3.1189717349757506,0.101,0.8500000000000015
0.0,0.85,0.1,0,2,ok,,,1.6663016454799162,-3.121698677093045,0.1022,0.8499999999999981
0.0,0.85,0.1,20,2,ok,,,1.6663016454799162,-3.121698677093045,0.0982,0.8499999999999981
0.0,0.85,0.1,0,3,ok,,,1.6778157546542354,-3.1295348878796045,0.0996,0.8499999999999996
0.0,0.85,0.1,20,3,ok,,,1.6778157546542354,-3.1295348878796045,0.0952,0.8499999999999996
0.0,0.85,0.1,0,4,ok,,,1.6641461978971386,-3.1242332962742605,0.0994,0.8500000000000005
0.0,0.85,0.1,20,4,ok,,,1.6641461978971386,-3.1242332962742605,0.094,0.8500000000000005
0.0,0.85,0.1,0,5,ok,,,1.666010672827006,-3.1222233616196235,0.0976,0.8499999999999983
0.0,0.85,0.1,20,5,ok,,,1.666010672827006,-3.1222233616196235,0.1016,0.8499999999999983
0.0,0.85,0.1,0,6,ok,,,1.684996032185852,-3.1368066208679726,0.1008,0.8499999999999955
0.0,0.85,0.1,20,6,ok,,,1.684996032185852,-3.1368066208679726,0.1022,0.8499999999999955
0.0,0.85,0.1,0,7,ok,,,1.6686999995620215,-3.125017926744474,0.0992,0.8500000000000012
0.0,0.85,0.1,20,7,ok,,,1.6686999995620215,-3.125017926744474,0.1012,0.8500000000000012
0.0,0.85,0.3,0,0,ok,,,1.7324221281423187,-1.3098285246046222,0.2962,0.850000000000006
0.0,0.85,0.3,20,0,ok,,,1.7324221281423187,-1.3098285246046222,0.2956,0.850000000000006
0.0,0.85,0.3,0,1,ok,,,1.7335130061250947,-1.3046993706806709,0.3086,0.8499999999999993
0.0,0.85,0.3,20,1,ok,,,1.7335130061250947,-1.3046993706806709,0.296,0.8499999999999993
0.0,0.85,0.3,0,2,ok,,,1.7411558342032183,-1.308132582466504,0.3066,0.8499999999999988
0.0,0.85,0.3,20,2,ok,,,1.7411558342032183,-1.308132582466504,0.2932,0.8499999999999988
0.0,0.85,0.3,0,3,ok,,,1.7463764548243597,-1.313961342712185,0.3028,0.8500000000000025
0.0,0.85,0.3,20,3,ok,,,1.7463764548243597,-1.313961342712185,0.2974,0.8500000000000025
0.0,0.85,0.3,0,4,ok,,,1.7273421434829594,-1.305522632198947,0.2958,0.8499999999999991
0.0,0.85,0.3,20,4,ok,,,1.7273421434829594,-1.305522632198947,0.3002,0.8499999999999991
0.0,0.85,0.3,0,5,ok,,,1.7324548337962082,-1.304178496309196,0.302,0.8499999999999991
0.0,0.85,0.3,20,5,ok,,,1.7324548337962082,-1.304178496309196,0.3022,0.8499999999999991
0.0,0.85,0.3,0,6,ok,,,1.739635027632164,-1.3154209003847241,0.2968,0.8500000000000016
0.0,0.85,0.3,20,6,ok,,,1.739635027632164,-1.3154209003847241,0.303,0.8500000000000016
0.0,0.85,0.3,0,7,ok,,,1.740445788651615,-1.3101946885089564,0.3058,0.8500000000000011
0.0,0.85,0.3,20,7,ok,,,1.740445788651615,-1.3101946885089564,0.2982,0.8500000000000011
0.0,0.95,0.05,0,0,ok,,,3.2943489400533976,-6.157299829180681,0.0474,0.950000000000001
0.0,0.95,0.05,20,0,ok,,,3.2943489400533976,-6.157299829180681,0.047,0.950000000000001
0.0,0.95,0.05,0,1,ok,,,3.2315067333365164,-6.090159995415899,0.049,0.9500000000002641
0.0,0.95,0.05,20,1,ok,,,3.2315067333365164,-6.090159995415899,0.0506,0.9500000000002641
0.0,0.95,0.05,0,2,ok,,,3.2313341863806118,-6.071881304015789,0.0538,0.9500000000002494
0.0,0.95,0.05,20,2,ok,,,3.2313341863806118,-6.071881304015789,0.0526,0.9500000000002494
0.0,0.95,0.05,0,3,ok,,,3.273928685900931,-6.112513647550084,0.0492,0.9500000000000022
0.0,0.95,0.05,20,3,ok,,,3.273928685900931,-6.112513647550084,0.047,0.9500000000000022
0.0,0.95,0.05,0,4,ok,,,3.283545320152926,-6.155601012415839,0.0482,0.9499999999999992
0.0,0.95,0.05,20,4,ok,,,3.283545320152926,-6.155601012415839,0.05,0.9499999999999992
0.0,0.95,0.05,0,5,ok,,,3.3023584007818827,-6.157060334901504,0.0482,0.9500000000000045
0.0,0.95,0.05,20,5,ok,,,3.3023584007818827,-6.157060334901504,0.0516,0.9500000000000045
0.0,0.95,0.05,0,6,ok,,,3.3413398799475567,-6.196523907864758,0.054,0.9499999999999982
0.0,0.95,0.05,20,6,ok,,,3.3413398799475567,-6.196523907864758,0.0522,0.9499999999999982
0.0,0.95,0.05,0,7,ok,,,3.2419975478571055,-6.096830133918351,0.0532,0.9500000000001069
0.0,0.95,0.05,20,7,ok,,,3.2419975478571055,-6.096830133918351,0.0492,0.9500000000001069
0.0,0.95,0.1,0,0,ok,,,3.5246309517234775,-5.162222110958906,0.0938,0.9500000000002637
0.0,0.95,0.1,20,0,ok,,,3.5246309517234775,-5.162222110958906,0.1032,0.9500000000002637
0.0,0.95,0.1,0,1,ok,,,3.4778756047948702,-5.109660894685515,0.1,0.9500000000000112
0.0,0.95,0.1,20,1,ok,,,3.4778756047948702,-5.109660894685515,0.1008,0.9500000000000112
0.0,0.95,0.1,0,2,ok,,,3.517364927931979,-5.127928769101743,0.103,0.950000000000166
0.0,0.95,0.1,20,2,ok,,,3.517364927931979,-5.127928769101743,0.1006,0.950000000000166
0.0,0.95,0.1,0,3,ok,,,3.548034996015293,-5.158182286041355,0.0994,0.9499999999996938
0.0,0.95,0.1,20,3,ok,,,3.548034996015293,-5.158182286041355,0.095,0.9499999999996938
0.0,0.95,0.1,0,4,ok,,,3.5013268456746673,-5.148743123036259,0.0948,0.9500000000000672
0.0,0.95,0.1,20,4,ok,,,3.5013268456746673,-5.148743123036259,0.098,0.9500000000000672
0.0,0.95,0.1,0,5,ok,,,3.5594468245211277,-5.192673299497828,0.0958,0.9500000000000013
0.0,0.95,0.1,20,5,ok,,,3.5594468245211277,-5.192673299497828,0.0982,0.9500000000000013
0.0,0.95,0.1,0,6,ok,,,3.5777790571774144,-5.208415120931532,0.103,0.9500000000000008
0.0,0.95,0.1,20,6,ok,,,3.5777790571774144,-5.208415120931532,0.101,0.9500000000000008
0.0,0.95,0.1,0,7,ok,,,3.486006089664929,-5.11122722053942,0.0974,0.9500000000000237
0.0,0.95,0.1,20,7,ok,,,3.486006089664929,-5.11122722053942,0.098,0.9500000000000237
0.0,0.95,0.3,0,0,ok,,,3.7115054792617075,-2.32540718241975,0.2966,0.9500000000000011
0.0,0.95,0.3,20,0,ok,,,3.7115054792617075,-2.32540718241975,0.3016,0.9500000000000011
0.0,0.95,0.3,0,1,ok,,,3.6931234974124867,-2.2899228260139215,0.303,0.950000000000002
0.0,0.95,0.3,20,1,ok,,,3.6931234974124867,-2.2899228260139215,0.2972,0.950000000000002
0.0,0.95,0.3,0,2,ok,,,3.73697346960247,-2.323990980462609,0.3032,0.9500000000000027
0.0,0.95,0.3,20,2,ok,,,3.73697346960247,-2.323990980462609,0.2952,0.9500000000000027
0.0,0.95,0.3,0,3,ok,,,3.7632751424407687,-2.3458533654180584,0.301,0.9500000000000004
0.0,0.95,0.3,20,3,ok,,,3.7632751424407687,-2.3458533654180584,0.3022,0.9500000000000004
0.0,0.95,0.3,0,4,ok,,,3.662626343126152,-2.288174578196114,0.2984,0.9499999999999973
0.0,0.95,0.3,20,4,ok,,,3.662626343126152,-2.288174578196114,0.298,0.9499999999999973
0.0,0.95,0.3,0,5,ok,,,3.647018975043704,-2.2736230812570986,0.3076,0.9499999999999972
0.0,0.95,0.3,20,5,ok,,,3.647018975043704,-2.2736230812570986,0.302,0.9499999999999972
0.0,0.95,0.3,0,6,ok,,,3.7176081521133466,-2.3380776127333,0.2972,0.950000000000002
0.0,0.95,0.3,20,6,ok,,,3.7176081521133466,-2.3380776127333,0.299,0.950000000000002
0.0,0.95,0.3,0,7,ok,,,3.7227386402643496,-2.3145149042863546,0.3058,0.9499999999999986
0.0,0.95,0.3,20,7,ok,,,3.7227386402643496,-2.3145149042863546,0.2936,0.9499999999999986
0.5,0.65,0.05,0,0,ok,,,0.5108897637655276,-3.07207579487506,0.0454,0.6500000000029283
0.5,0.65,0.05,20,0,ok,,,0.5108897637655276,-3.07207579487506,0.047,0.6500000000029283
0.5,0.65,0.05,0,1,ok,,,0.5098294159395259,-3.0719068132058145,0.0528,0.6500000000018461
0.5,0.65,0.05,20,1,ok,,,0.5098294159395259,-3.0719068132058145,0.0438,0.6500000000018461
0.5,0.65,0.05,0,2,ok,,,0.508579293675906,-3.0719746421929104,0.0548,0.6500000000011552
0.5,0.65,0.05,20,2,ok,,,0.508579293675906,-3.0719746421929104,0.0506,0.6500000000011552
0.5,0.65,0.05,0,3,ok,,,0.5092258161371372,-3.072270914825557,0.0506,0.6500000000007781
0.5,0.65,0.05,20,3,ok,,,0.5092258161371372,-3.072270914825557,0.0434,0.6500000000007781
0.5,0.65,0.05,0,4,ok,,,0.5098091953307564,-3.072458757456327,0.0464,0.6500000000012734
0.5,0.65,0.05,20,4,ok,,,0.5098091953307564,-3.072458757456327,0.0486,0.6500000000012734
0.5,0.65,0.05,0,5,ok,,,0.5104326083368251,-3.0721376894886863,0.0482,0.6500000000025011
0.5,0.65,0.05,20,5,ok,,,0.5104326083368251,-3.0721376894886863,0.047,0.6500000000025011
0.5,0.65,0.05,0,6,ok,,,0.5123760210799339,-3.071968765600876,0.0528,0.650000000003979
0.5,0.65,0.05,20,6,ok,,,0.5123760210799339,-3.071968765600876,0.0476,0.650000000003979
0.5,0.65,0.05,0,7,ok,,,0.5105541751319246,-3.0726537416714494,0.0472,0.6500000000010888
0.5,0.65,0.05,20,7,ok,,,0.5105541751319246,-3.0726537416714494,0.0512,0.6500000000010888
0.5,0.65,0.1,0,0,ok,,,0.5201797602848532,-2.309746450528908,0.0918,0.6500000000000007
0.5,0.65,0.1,20,0,ok,,,0.5201797602848532,-2.309746450528908,0.0962,0.6500000000000007
0.5,0.65,0.1,0,1,ok,,,0.5191362511099691,-2.3096020801739314,0.1044,0.6500000000000006
0.5,0.65,0.1,20,1,ok,,,0.5191362511099691,-2.3096020801739314,0.1024,0.6500000000000006
0.5,0.65,0.1,0,2,ok,,,0.5183911559595723,-2.309567578078426,0.1054,0.6500000000000012
0.5,0.65,0.1,20,2,ok,,,0.5183911559595723,-2.309567578078426,0.0956,0.6500000000000012
0.5,0.65,0.1,0,3,ok,,,0.5191460601116186,-2.3098551292213054,0.1064,0.650000000000001
0.5,0.65,0.1,20,3,ok,,,0.5191460601116186,-2.3098551292213054,0.0932,0.650000000000001
0.5,0.65,0.1,0,4,ok,,,0.5199344808950705,-2.3099600771233137,0.0906,0.6499999999999991
0.5,0.65,0.1,20,4,ok,,,0.5199344808950705,-2.3099600771233137,0.0968,0.6499999999999991
0.5,0.65,0.1,0,5,ok,,,0.5199418752004322,-2.309761070399545,0.0984,0.6499999999999996
0.5,0.65,0.1,20,5,ok,,,0.5199418752004322,-2.309761070399545,0.1048,0.6499999999999996
0.5,0.65,0.1,0,6,ok,,,0.5209855767422983,-2.3097829143846877,0.1022,0.6499999999999999
0.5,0.65,0.1,20,6,ok,,,0.5209855767422983,-2.3097829143846877,0.0942,0.6499999999999999
0.5,0.65,0.1,0,7,ok,,,0.5206586366553619,-2.310164694921156,0.1012,0.6500000000000004
0.5,0.65,0.1,20,7,ok,,,0.5206586366553619,-2.310164694921156,0.1008,0.6500000000000004
0.5,0.65,0.3,0,0,ok,,,0.5527471465110786,-0.8989161352034515,0.2968,0.6499999999999994
0.5,0.65,0.3,20,0,ok,,,0.5527471465110786,-0.8989161352034515,0.2988,0.6499999999999994
0.5,0.65,0.3,0,1,ok,,,0.5524956792360586,-0.8987050295294071,0.3,0.6500000000000007
0.5,0.65,0.3,20,1,ok,,,0.5524956792360586,-0.8987050295294071,0.2996,0.6500000000000007
0.5,0.65,0.3,0,2,ok,,,0.5532624469934385,-0.8983562181067047,0.302,0.6499999999999978
0.5,0.65,0.3,20,2,ok,,,0.5532624469934385,-0.8983562181067047,0.2942,0.6499999999999978
0.5,0.65,0.3,0,3,ok,,,0.5545705163690458,-0.8985186982370482,0.2952,0.6499999999999996
0.5,0.65,0.3,20,3,ok,,,0.5545705163690458,-0.8985186982370482,0.299,0.6499999999999996
0.5,0.65,0.3,0,4,ok,,,0.5549436522482336,-0.8985754761955405,0.2976,0.6500000000000005
0.5,0.65,0.3,20,4,ok,,,0.5549436522482336,-0.8985754761955405,0.293,0.6500000000000005
0.5,0.65,0.3,0,5,ok,,,0.5531275310580381,-0.8987800006406473,0.2934,0.6500000000000017
0.5,0.65,0.3,20,5,ok,,,0.5531275310580381,-0.8987800006406473,0.3038,0.6500000000000017
0.5,0.65,0.3,0,6,ok,,,0.5517520367251739,-0.8993227510484394,0.294,0.6500000000000002
0.5,0.65,0.3,20,6,ok,,,0.5517520367251739,-0.8993227510484394,0.2908,0.6500000000000002
0.5,0.65,0.3,0,7,ok,,,0.5556412925061242,-0.8987556750973191,0.3066,0.6500000000000002
0.5,0.65,0.3,20,7,ok,,,0.5556412925061242,-0.8987556750973191,0.2936,0.6500000000000002
0.5,0.85,0.05,0,0,ok,,,1.3331668175570948,-3.805179212329147,0.0442,0.8500000000008064
0.5,0.85,0.05,20,0,ok,,,1.3331668175570948,-3.805179212329147,0.0506,0.8500000000008064
0.5,0.85,0.05,0,1,ok,,,1.3230919820167928,-3.8015211483986535,0.0544,0.8500000000000101
0.5,0.85,0.05,20,1,ok,,,1.3230919820167928,-3.8015211483986535,0.0466,0.8500000000000101
0.5,0.85,0.05,0,2,ok,,,1.3161859640908153,-3.7967306780959755,0.056,0.850000000000004
0.5,0.85,0.05,20,2,ok,,,1.3161859640908153,-3.7967306780959755,0.0502,0.850000000000004
0.5,0.85,0.05,0,3,ok,,,1.3138085899109426,-3.7956143685951327,0.0526,0.8499999999999979
0.5,0.85,0.05,20,3,ok,,,1.3138085899109426,-3.7956143685951327,0.0466,0.8499999999999979
0.5,0.85,0.05,0,4,ok,,,1.3216936370020103,-3.7978241692121104,0.0432,0.8500000000000075
0.5,0.85,0.05,20,4,ok,,,1.3216936370020103,-3.7978241692121104,0.0516,0.8500000000000075
0.5,0.85,0.05,0,5,ok,,,1.3301049457599796,-3.8032515509830156,0.0464,0.8500000000002971
0.5,0.85,0.05,20,5,ok,,,1.3301049457599796,-3.8032515509830156,0.0474,0.8500000000002971
0.5,0.85,0.05,0,6,ok,,,1.3398946743479427,-3.810316039306408,0.0476,0.8500000000040815
0.5,0.85,0.05,20,6,ok,,,1.3398946743479427,-3.810316039306408,0.0516,0.8500000000040815
0.5,0.85,0.05,0,7,ok,,,1.3221979375273307,-3.798135772962017,0.05,0.8500000000000085
0.5,0.85,0.05,20,7,ok,,,1.3221979375273307,-3.798135772962017,0.0486,0.8500000000000085
0.5,0.85,0.1,0,0,ok,,,1.4292663204628826,-2.95793671273791,0.097,0.8500000000000734
0.5,0.85,0.1,20,0,ok,,,1.4292663204628826,-2.95793671273791,0.105,0.8500000000000734
0.5,0.85,0.1,0,1,ok,,,1.4145651042311234,-2.9523888690864863,0.1042,0.8500000000000212
0.5,0.85,0.1,20,1,ok,,,1.4145651042311234,-2.9523888690864863,0.0988,0.8500000000000212
0.5,0.85,0.1,0,2,ok,,,1.4147493288810256,-2.9488567065547455,0.1074,0.8500000000000246
0.5,0.85,0.1,20,2,ok,,,1.4147493288810256,-2.9488567065547455,0.1006,0.8500000000000246
0.5,0.85,0.1,0,3,ok,,,1.4127214513562976,-2.947346512546138,0.1066,0.8500000000000156
0.5,0.85,0.1,20,3,ok,,,1.4127214513562976,-2.947346512546138,0.0954,0.8500000000000156
0.5,0.85,0.1,0,4,ok,,,1.427368247949702,-2.9516025059365414,0.0942,0.8500000000000665
0.5,0.85,0.1,20,4,ok,,,1.427368247949702,-2.9516025059365414,0.0982,0.8500000000000665
0.5,0.85,0.1,0,5,ok,,,1.4292122329168473,-2.9564240994956035,0.1032,0.8500000000000708
0.5,0.85,0.1,20,5,ok,,,1.4292122329168473,-2.9564240994956035,0.0968,0.8500000000000708
0.5,0.85,0.1,0,6,ok,,,1.430548972670818,-2.962231183888069,0.0978,0.8500000000000797
0.5,0.85,0.1,20,6,ok,,,1.430548972670818,-2.962231183888069,0.1,0.8500000000000797
0.5,0.85,0.1,0,7,ok,,,1.4283168240921145,-2.9517940820471815,0.1002,0.850000000000061
0.5,0.85,0.1,20,7,ok,,,1.4283168240921145,-2.9517940820471815,0.1008,0.850000000000061
0.5,0.85,0.3,0,0,ok,,,1.7199085369080944,-1.1664520980687483,0.2974,0.8500000000000014
0.5,0.85,0.3,20,0,ok,,,1.7199085369080944,-1.1664520980687483,0.2934,0.8500000000000014
0.5,0.85,0.3,0,1,ok,,,1.7219113977220162,-1.1589458145667049,0.3052,0.85
0.5,0.85,0.3,20,1,ok,,,1.7219113977220162,-1.1589458145667049,0.3002,0.85
0.5,0.85,0.3,0,2,ok,,,1.7180902241724347,-1.1545545300249065,0.3082,0.8499999999999986
0.5,0.85,0.3,20,2,ok,,,1.7180902241724347,-1.1545545300249065,0.2888,0.8499999999999986
0.5,0.85,0.3,0,3,ok,,,1.7302001391477744,-1.1530920748238247,0.2986,0.8500000000000026
0.5,0.85,0.3,20,3,ok,,,1.7302001391477744,-1.1530920748238247,0.2998,0.8500000000000026
0.5,0.85,0.3,0,4,ok,,,1.7353446958506957,-1.1604170220199064,0.3046,0.8499999999999979
0.5,0.85,0.3,20,4,ok,,,1.7353446958506957,-1.1604170220199064,0.292,0.8499999999999979
0.5,0.85,0.3,0,5,ok,,,1.7238819962377028,-1.1649215149007517,0.293,0.8500000000000018
0.5,0.85,0.3,20,5,ok,,,1.7238819962377028,-1.1649215149007517,0.3052,0.8500000000000018
0.5,0.85,0.3,0,6,ok,,,1.7225537380326346,-1.1726038385523476,0.296,0.8500000000000023
0.5,0.85,0.3,20,6,ok,,,1.7225537380326346,-1.1726038385523476,0.2946,0.8500000000000023
0.5,0.85,0.3,0,7,ok,,,1.7477062034084763,-1.1621437132182113,0.3064,0.8500000000000015
0.5,0.85,0.3,20,7,ok,,,1.7477062034084763,-1.1621437132182113,0.3014,0.8500000000000015
0.5,0.95,0.05,0,0,ok,,,2.372861057854019,-5.277925358233759,0.047,0.9500000000000067
0.5,0.95,0.05,20,0,ok,,,2.372861057854019,-5.277925358233759,0.0524,0.9500000000000067
0.5,0.95,0.05,0,1,ok,,,2.327704676179369,-5.253583121456124,0.0538,0.9500000000000303
0.5,0.95,0.05,20,1,ok,,,2.327704676179369,-5.253583121456124,0.047,0.9500000000000303
0.5,0.95,0.05,0,2,ok,,,2.332589682264092,-5.244678547499836,0.052,0.9500000000000153
0.5,0.95,0.05,20,2,ok,,,2.332589682264092,-5.244678547499836,0.0496,0.9500000000000153
0.5,0.95,0.05,0,3,ok,,,2.309009497797723,-5.222711137285721,0.0502,0.9500000000000394
0.5,0.95,0.05,20,3,ok,,,2.309009497797723,-5.222711137285721,0.0496,0.9500000000000394
0.5,0.95,0.05,0,4,ok,,,2.3417438400234922,-5.2319341950366205,0.045,0.9500000000000154
0.5,0.95,0.05,20,4,ok,,,2.3417438400234922,-5.2319341950366205,0.0502,0.9500000000000154
0.5,0.95,0.05,0,5,ok,,,2.3732902732583288,-5.274061461878821,0.049,0.9500000000000046
0.5,0.95,0.05,20,5,ok,,,2.3732902732583288,-5.274061461878821,0.046,0.9500000000000046
0.5,0.95,0.05,0,6,ok,,,2.3680765522907725,-5.283033097495125,0.0462,0.9500000000000076
0.5,0.95,0.05,20,6,ok,,,2.3680765522907725,-5.283033097495125,0.0476,0.9500000000000076
0.5,0.95,0.05,0,7,ok,,,2.3263526298470487,-5.217051605134041,0.0516,0.9500000000000212
0.5,0.95,0.05,20,7,ok,,,2.3263526298470487,-5.217051605134041,0.0534,0.9500000000000212
0.5,0.95,0.1,0,0,ok,,,2.665759015925798,-4.301352581743379,0.0926,0.9499999999995877
0.5,0.95,0.1,20,0,ok,,,2.665759015925798,-4.301352581743379,0.1024,0.9499999999995877
0.5,0.95,0.1,0,1,ok,,,2.5943347662109857,-4.248653705823685,0.1038,0.9500000000000006
0.5,0.95,0.1,20,1,ok,,,2.5943347662109857,-4.248653705823685,0.0982,0.9500000000000006
0.5,0.95,0.1,0,2,ok,,,2.620562951106923,-4.26095006396225,0.102,0.9499999999999992
0.5,0.95,0.1,20,2,ok,,,2.620562951106923,-4.26095006396225,0.0988,0.9499999999999992
0.5,0.95,0.1,0,3,ok,,,2.5977120888849865,-4.233469297967619,0.1038,0.9499999999999982
0.5,0.95,0.1,20,3,ok,,,2.5977120888849865,-4.233469297967619,0.0954,0.9499999999999982
0.5,0.95,0.1,0,4,ok,,,2.6654586838288674,-4.273936989414771,0.0956,0.9499999999994447
0.5,0.95,0.1,20,4,ok,,,2.6654586838288674,-4.273936989414771,0.105,0.9499999999994447
0.5,0.95,0.1,0,5,ok,,,2.663373116326122,-4.2944575931273405,0.1012,0.9499999999994279
0.5,0.95,0.1,20,5,ok,,,2.663373116326122,-4.2944575931273405,0.0998,0.9499999999994279
0.5,0.95,0.1,0,6,ok,,,2.6508946232532087,-4.294248098116579,0.0998,0.9499999999998668
0.5,0.95,0.1,20,6,ok,,,2.6508946232532087,-4.294248098116579,0.1012,0.9499999999998668
0.5,0.95,0.1,0,7,ok,,,2.6485154283230754,-4.250090743166919,0.0986,0.949999999999798
0.5,0.95,0.1,20,7,ok,,,2.6485154283230754,-4.250090743166919,0.097,0.949999999999798
0.5,0.95,0.3,0,0,ok,,,3.5811857312423956,-1.7162293890009612,0.2936,0.9499999999999978
0.5,0.95,0.3,20,0,ok,,,3.5811857312423956,-1.7162293890009612,0.2964,0.9499999999999978
0.5,0.95,0.3,0,1,ok,,,3.6318866646700627,-1.6884914564159108,0.2986,0.95
0.5,0.95,0.3,20,1,ok,,,3.6318866646700627,-1.6884914564159108,0.299,0.95
0.5,0.95,0.3,0,2,ok,,,3.571579112889955,-1.673799559568253,0.3032,0.9500000000000002
0.5,0.95,0.3,20,2,ok,,,3.571579112889955,-1.673799559568253,0.2954,0.9500000000000002
0.5,0.95,0.3,0,3,ok,,,3.607649197666081,-1.662824621778319,0.3026,0.949999999999999
0.5,0.95,0.3,20,3,ok,,,3.607649197666081,-1.662824621778319,0.2946,0.949999999999999
0.5,0.95,0.3,0,4,ok,,,3.6194798269839623,-1.6987078105250752,0.3026,0.949999999999999
0.5,0.95,0.3,20,4,ok,,,3.6194798269839623,-1.6987078105250752,0.2968,0.949999999999999
0.5,0.95,0.3,0,5,ok,,,3.5998042253739806,-1.7126053441700462,0.299,0.950000000000001
0.5,0.95,0.3,20,5,ok,,,3.5998042253739806,-1.7126053441700462,0.305,0.950000000000001
0.5,0.95,0.3,0,6,ok,,,3.624680407952136,-1.7414029321433584,0.2982,0.9499999999999966
0.5,0.95,0.3,20,6,ok,,,3.624680407952136,-1.7414029321433584,0.3008,0.9499999999999966
0.5,0.95,0.3,0,7,ok,,,3.692341340579667,-1.7167315277391932,0.304,0.9500000000000034
0.5,0.95,0.3,20,7,ok,,,3.692341340579667,-1.7167315277391932,0.2998,0.9500000000000034
1.0,0.65,0.05,0,0,ok,,,0.541574056262838,-3.093031293708732,0.0424,0.6499999999999719
1.0,0.65,0.05,20,0,ok,,,0.541574056262838,-3.093031293708732,0.0478,0.6499999999999719
1.0,0.65,0.05,0,1,ok,,,0.5401872338165351,-3.092848027251958,0.0546,0.6500000000000329
1.0,0.65,0.05,20,1,ok,,,0.5401872338165351,-3.092848027251958,0.0466,0.6500000000000329
1.0,0.65,0.05,0,2,ok,,,0.5415829493767992,-3.093110183479565,0.054,0.6500000000000085
1.0,0.65,0.05,20,2,ok,,,0.5415829493767992,-3.093110183479565,0.0506,0.6500000000000085
1.0,0.65,0.05,0,3,ok,,,0.540092307002164,-3.094138681816781,0.051,0.6500000000000139
1.0,0.65,0.05,20,3,ok,,,0.540092307002164,-3.094138681816781,0.0436,0.6500000000000139
1.0,0.65,0.05,0,4,ok,,,0.539497076837316,-3.0931423963219706,0.043,0.650000000000013
1.0,0.65,0.05,20,4,ok,,,0.539497076837316,-3.0931423963219706,0.0458,0.650000000000013
1.0,0.65,0.05,0,5,ok,,,0.5421006297961097,-3.092085421886209,0.0472,0.6500000000000415
1.0,0.65,0.05,20,5,ok,,,0.5421006297961097,-3.092085421886209,0.0468,0.6500000000000415
1.0,0.65,0.05,0,6,ok,,,0.5392554914289842,-3.0922381338098,0.0504,0.6500000000000278
1.0,0.65,0.05,20,6,ok,,,0.5392554914289842,-3.0922381338098,0.0456,0.6500000000000278
1.0,0.65,0.05,0,7,ok,,,0.5429208828561339,-3.0929201675850257,0.0474,0.6500000000000589
1.0,0.65,0.05,20,7,ok,,,0.5429208828561339,-3.0929201675850257,0.05,0.6500000000000589
1.0,0.65,0.1,0,0,ok,,,0.5587961817659105,-2.328676409077716,0.0952,0.6499999999999894
1.0,0.65,0.1,20,0,ok,,,0.5587961817659105,-2.328676409077716,0.0972,0.6499999999999894
1.0,0.65,0.1,0,1,ok,,,0.5577770231257717,-2.3284501533226702,0.103,0.6499999999999997
1.0,0.65,0.1,20,1,ok,,,0.5577770231257717,-2.3284501533226702,0.0978,0.6499999999999997
1.0,0.65,0.1,0,2,ok,,,0.5587280896773155,-2.3287978592017273,0.1062,0.6499999999980933
1.0,0.65,0.1,20,2,ok,,,0.5587280896773155,-2.3287978592017273,0.0994,0.6499999999980933
1.0,0.65,0.1,0,3,ok,,,0.559291696699837,-2.3294445030001207,0.1032,0.6500000000000032
1.0,0.65,0.1,20,3,ok,,,0.559291696699837,-2.3294445030001207,0.093,0.6500000000000032
1.0,0.65,0.1,0,4,ok,,,0.5573693936505496,-2.328688951597108,0.0934,0.6499999999999664
1.0,0.65,0.1,20,4,ok,,,0.5573693936505496,-2.328688951597108,0.0944,0.6499999999999664
1.0,0.65,0.1,0,5,ok,,,0.5580258624626029,-2.3279985151791847,0.0974,0.6499999999979911
1.0,0.65,0.1,20,5,ok,,,0.5580258624626029,-2.3279985151791847,0.1002,0.6499999999979911
1.0,0.65,0.1,0,6,ok,,,0.5562740604857058,-2.3279635265584906,0.1012,0.6499999999999998
1.0,0.65,0.1,20,6,ok,,,0.5562740604857058,-2.3279635265584906,0.09,0.6499999999999998
1.0,0.65,0.1,0,7,ok,,,0.5595427788145634,-2.328675922451197,0.0958,0.6500000000000052
1.0,0.65,0.1,20,7,ok,,,0.5595427788145634,-2.328675922451197,0.1026,0.6500000000000052
1.0,0.65,0.3,0,0,ok,,,0.6224191765250666,-0.9064060723167305,0.2974,0.6499999999999946
1.0,0.65,0.3,20,0,ok,,,0.6224191765250666,-0.9064060723167305,0.3042,0.6499999999999946
1.0,0.65,0.3,0,1,ok,,,0.6228081491337749,-0.9059584551089911,0.3018,0.6500000000000161
1.0,0.65,0.3,20,1,ok,,,0.6228081491337749,-0.9059584551089911,0.3002,0.6500000000000161
1.0,0.65,0.3,0,2,ok,,,0.6229998211793754,-0.9064475653793184,0.2976,0.6500000000000381
1.0,0.65,0.3,20,2,ok,,,0.6229998211793754,-0.9064475653793184,0.2932,0.6500000000000381
1.0,0.65,0.3,0,3,ok,,,0.6295725795729907,-0.9056836412973621,0.2998,0.6499999999999664
1.0,0.65,0.3,20,3,ok,,,0.6295725795729907,-0.9056836412973621,0.2968,0.6499999999999664
1.0,0.65,0.3,0,4,ok,,,0.6245717610360565,-0.9056689971596059,0.2968,0.6500000000000332
1.0,0.65,0.3,20,4,ok,,,0.6245717610360565,-0.9056689971596059,0.2934,0.6500000000000332
1.0,0.65,0.3,0,5,ok,,,0.6176551841913326,-0.906776439194563,0.2986,0.6499999999999767
1.0,0.65,0.3,20,5,ok,,,0.6176551841913326,-0.906776439194563,0.301,0.6499999999999767
1.0,0.65,0.3,0,6,ok,,,0.6204222876271546,-0.9057651321111374,0.2872,0.6500000000000282
1.0,0.65,0.3,20,6,ok,,,0.6204222876271546,-0.9057651321111374,0.3006,0.6500000000000282
1.0,0.65,0.3,0,7,ok,,,0.6207476334023454,-0.9068720609054438,0.3022,0.6499999999999675
1.0,0.65,0.3,20,7,ok,,,0.6207476334023454,-0.9068720609054438,0.2936,0.6499999999999675
1.0,0.85,0.05,0,0,ok,,,1.3412045405219275,-3.8622801216919327,0.0442,0.8500000000000534
1.0,0.85,0.05,20,0,ok,,,1.3412045405219275,-3.8622801216919327,0.0506,0.8500000000000534
1.0,0.85,0.05,0,1,ok,,,1.332149929290579,-3.856021142995221,0.0556,0.8500000000000245
1.0,0.85,0.05,20,1,ok,,,1.332149929290579,-3.856021142995221,0.0442,0.8500000000000245
1.0,0.85,0.05,0,2,ok,,,1.3355243238602712,-3.859935511148185,0.0542,0.8500000000000169
1.0,0.85,0.05,20,2,ok,,,1.3355243238602712,-3.859935511148185,0.053,0.8500000000000169
1.0,0.85,0.05,0,3,ok,,,1.3247539849055217,-3.851704899700734,0.0518,0.8500000000000195
1.0,0.85,0.05,20,3,ok,,,1.3247539849055217,-3.851704899700734,0.0458,0.8500000000000195
1.0,0.85,0.05,0,4,ok,,,1.3217232058434072,-3.8528654728348743,0.0466,0.8500000000000406
1.0,0.85,0.05,20,4,ok,,,1.3217232058434072,-3.8528654728348743,0.0482,0.8500000000000406
1.0,0.85,0.05,0,5,ok,,,1.3488059412497,-3.8651456968157905,0.0466,0.8499999999999635
1.0,0.85,0.05,20,5,ok,,,1.3488059412497,-3.8651456968157905,0.0468,0.8499999999999635
1.0,0.85,0.05,0,6,ok,,,1.3264740285106427,-3.8538523568300906,0.049,0.8500000000000186
1.0,0.85,0.05,20,6,ok,,,1.3264740285106427,-3.8538523568300906,0.0466,0.8500000000000186
1.0,0.85,0.05,0,7,ok,,,1.3514428426532112,-3.867180882637627,0.0476,0.8500000000017859
1.0,0.85,0.05,20,7,ok,,,1.3514428426532112,-3.867180882637627,0.0532,0.8500000000017859
1.0,0.85,0.1,0,0,ok,,,1.4917500712318281,-3.0165676310316383,0.0926,0.8500000000001809
1.0,0.85,0.1,20,0,ok,,,1.4917500712318281,-3.0165676310316383,0.1014,0.8500000000001809
1.0,0.85,0.1,0,1,ok,,,1.4931584607743926,-3.0120285470135664,0.1088,0.8500000000002916
1.0,0.85,0.1,20,1,ok,,,1.4931584607743926,-3.0120285470135664,0.0956,0.8500000000002916
1.0,0.85,0.1,0,2,ok,,,1.48915598912215,-3.0147076108949884,0.1016,0.850000000000198
1.0,0.85,0.1,20,2,ok,,,1.48915598912215,-3.0147076108949884,0.095,0.850000000000198
1.0,0.85,0.1,0,3,ok,,,1.500161607607295,-3.0086592377755546,0.1004,0.8500000000005661
1.0,0.85,0.1,20,3,ok,,,1.500161607607295,-3.0086592377755546,0.0958,0.8500000000005661
1.0,0.85,0.1,0,4,ok,,,1.489784423531949,-3.0084075443840352,0.0964,0.8500000000002376
1.0,0.85,0.1,20,4,ok,,,1.489784423531949,-3.0084075443840352,0.093,0.8500000000002376
1.0,0.85,0.1,0,5,ok,,,1.4896229639791767,-3.0194840420618325,0.0974,0.8500000000003842
1.0,0.85,0.1,20,5,ok,,,1.4896229639791767,-3.0194840420618325,0.0996,0.8500000000003842
1.0,0.85,0.1,0,6,ok,,,1.4857511523406062,-3.0093734320772665,0.0978,0.8500000000003224
1.0,0.85,0.1,20,6,ok,,,1.4857511523406062,-3.0093734320772665,0.0976,0.8500000000003224
1.0,0.85,0.1,0,7,ok,,,1.503007440992688,-3.0234806703397212,0.101,0.8500000000002856
1.0,0.85,0.1,20,7,ok,,,1.503007440992688,-3.0234806703397212,0.0956,0.8500000000002856
1.0,0.85,0.3,0,0,ok,,,2.4810499595918616,-1.1752458005614073,0.2926,0.8500000000000385
1.0,0.85,0.3,20,0,ok,,,2.4810499595918616,-1.1752458005614073,0.3014,0.8500000000000385
1.0,0.85,0.3,0,1,ok,,,2.4624550119195683,-1.1767326440968124,0.2988,0.849999999999974
1.0,0.85,0.3,20,1,ok,,,2.4624550119195683,-1.1767326440968124,0.3024,0.849999999999974
1.0,0.85,0.3,0,2,ok,,,2.4762337509829604,-1.1735096011131734,0.3024,0.8499999999999969
1.0,0.85,0.3,20,2,ok,,,2.4762337509829604,-1.1735096011131734,0.301,0.8499999999999969
1.0,0.85,0.3,0,3,ok,,,2.6181574312052454,-1.166224719207918,0.3022,0.8500000000001104
1.0,0.85,0.3,20,3,ok,,,2.6181574312052454,-1.166224719207918,0.294,0.8500000000001104
1.0,0.85,0.3,0,4,ok,,,2.5016754453083423,-1.1696428881826564,0.3002,0.8500000000000307
1.0,0.85,0.3,20,4,ok,,,2.5016754453083423,-1.1696428881826564,0.2902,0.8500000000000307
1.0,0.85,0.3,0,5,ok,,,2.365687876931625,-1.1844638510554673,0.3,0.8499999999999934
1.0,0.85,0.3,20,5,ok,,,2.365687876931625,-1.1844638510554673,0.2974,0.8499999999999934
1.0,0.85,0.3,0,6,ok,,,2.4260807782681333,-1.175091757895413,0.29,0.8499999999999545
1.0,0.85,0.3,20,6,ok,,,2.4260807782681333,-1.175091757895413,0.2906,0.8499999999999545
1.0,0.85,0.3,0,7,ok,,,2.415283834951651,-1.1907101459359961,0.3048,0.8500000000000061
1.0,0.85,0.3,20,7,ok,,,2.415283834951651,-1.1907101459359961,0.2912,0.8500000000000061
1.0,0.95,0.05,0,0,ok,,,2.263291377090526,-5.285444127404583,0.0458,0.9500000000000232
1.0,0.95,0.05,20,0,ok,,,2.263291377090526,-5.285444127404583,0.0492,0.9500000000000232
1.0,0.95,0.05,0,1,ok,,,2.230539251834063,-5.23471435310172,0.0568,0.9499999999999981
1.0,0.95,0.05,20,1,ok,,,2.230539251834063,-5.23471435310172,0.0472,0.9499999999999981
1.0,0.95,0.05,0,2,ok,,,2.2447314325156524,-5.263164202878733,0.0502,0.9499999999998749
1.0,0.95,0.05,20,2,ok,,,2.2447314325156524,-5.263164202878733,0.0474,0.9499999999998749
1.0,0.95,0.05,0,3,ok,,,2.2038919630856193,-5.193222723418231,0.0504,0.9500000000000357
1.0,0.95,0.05,20,3,ok,,,2.2038919630856193,-5.193222723418231,0.0506,0.9500000000000357
1.0,0.95,0.05,0,4,ok,,,2.2051936433606505,-5.214124461302572,0.0462,0.9499999999999571
1.0,0.95,0.05,20,4,ok,,,2.2051936433606505,-5.214124461302572,0.0484,0.9499999999999571
1.0,0.95,0.05,0,5,ok,,,2.2933107194742566,-5.314760537500454,0.048,0.950000000000032
1.0,0.95,0.05,20,5,ok,,,2.2933107194742566,-5.314760537500454,0.0524,0.950000000000032
1.0,0.95,0.05,0,6,ok,,,2.2195490877560258,-5.229325428009028,0.0488,0.9499999999999433
1.0,0.95,0.05,20,6,ok,,,2.2195490877560258,-5.229325428009028,0.0504,0.9499999999999433
1.0,0.95,0.05,0,7,ok,,,2.2882643186349467,-5.300089104480849,0.0514,0.9499999999998493
1.0,0.95,0.05,20,7,ok,,,2.2882643186349467,-5.300089104480849,0.051,0.9499999999998493
1.0,0.95,0.1,0,0,ok,,,2.6523374230274706,-4.269139524681234,0.0962,0.9500000000000172
1.0,0.95,0.1,20,0,ok,,,2.6523374230274706,-4.269139524681234,0.1004,0.9500000000000172
1.0,0.95,0.1,0,1,ok,,,2.7015663887284767,-4.2736613365222755,0.1042,0.9499999999999331
1.0,0.95,0.1,20,1,ok,,,2.7015663887284767,-4.2736613365222755,0.0996,0.9499999999999331
1.0,0.95,0.1,0,2,ok,,,2.654430712678776,-4.262707147786478,0.0988,0.9500000000001143
1.0,0.95,0.1,20,2,ok,,,2.654430712678776,-4.262707147786478,0.0962,0.9500000000001143
1.0,0.95,0.1,0,3,ok,,,2.723917207508705,-4.254726990175627,0.1026,0.9499999999999879
1.0,0.95,0.1,20,3,ok,,,2.723917207508705,-4.254726990175627,0.0982,0.9499999999999879
1.0,0.95,0.1,0,4,ok,,,2.706408097096299,-4.257944581236894,0.0984,0.9500000000000471
1.0,0.95,0.1,20,4,ok,,,2.706408097096299,-4.257944581236894,0.0964,0.9500000000000471
1.0,0.95,0.1,0,5,ok,,,2.6432521909332465,-4.289560416806547,0.097,0.9499999999999373
1.0,0.95,0.1,20,5,ok,,,2.6432521909332465,-4.289560416806547,0.0972,0.9499999999999373
1.0,0.95,0.1,0,6,ok,,,2.6851220931301323,-4.263610193321595,0.0974,0.9499999999999106
1.0,0.95,0.1,20,6,ok,,,2.6851220931301323,-4.263610193321595,0.1008,0.9499999999999106
1.0,0.95,0.1,0,7,ok,,,2.720763961348266,-4.328674461025765,0.1014,0.9499999999998571
1.0,0.95,0.1,20,7,ok,,,2.720763961348266,-4.328674461025765,0.0998,0.9499999999998571
1.0,0.95,0.3,0,0,raised,ValueError,bayes_auc_target=0.95 unreachable for this score (max achievable 0.9091 at gamma=30.000),,,,
1.0,0.95,0.3,20,0,raised,ValueError,bayes_auc_target=0.95 unreachable for this score (max achievable 0.9091 at gamma=30.000),,,,
1.0,0.95,0.3,0,1,raised,ValueError,bayes_auc_target=0.95 unreachable for this score (max achievable 0.9029 at gamma=30.000),,,,
1.0,0.95,0.3,20,1,raised,ValueError,bayes_auc_target=0.95 unreachable for this score (max achievable 0.9029 at gamma=30.000),,,,
1.0,0.95,0.3,0,2,raised,ValueError,bayes_auc_target=0.95 unreachable for this score (max achievable 0.9044 at gamma=30.000),,,,
1.0,0.95,0.3,20,2,raised,ValueError,bayes_auc_target=0.95 unreachable for this score (max achievable 0.9044 at gamma=30.000),,,,
1.0,0.95,0.3,0,3,raised,ValueError,bayes_auc_target=0.95 unreachable for this score (max achievable 0.9003 at gamma=30.000),,,,
1.0,0.95,0.3,20,3,raised,ValueError,bayes_auc_target=0.95 unreachable for this score (max achievable 0.9003 at gamma=30.000),,,,
1.0,0.95,0.3,0,4,raised,ValueError,bayes_auc_target=0.95 unreachable for this score (max achievable 0.9002 at gamma=30.000),,,,
1.0,0.95,0.3,20,4,raised,ValueError,bayes_auc_target=0.95 unreachable for this score (max achievable 0.9002 at gamma=30.000),,,,
1.0,0.95,0.3,0,5,raised,ValueError,bayes_auc_target=0.95 unreachable for this score (max achievable 0.9103 at gamma=30.000),,,,
1.0,0.95,0.3,20,5,raised,ValueError,bayes_auc_target=0.95 unreachable for this score (max achievable 0.9103 at gamma=30.000),,,,
1.0,0.95,0.3,0,6,raised,ValueError,bayes_auc_target=0.95 unreachable for this score (max achievable 0.9043 at gamma=30.000),,,,
1.0,0.95,0.3,20,6,raised,ValueError,bayes_auc_target=0.95 unreachable for this score (max achievable 0.9043 at gamma=30.000),,,,
1.0,0.95,0.3,0,7,raised,ValueError,bayes_auc_target=0.95 unreachable for this score (max achievable 0.9093 at gamma=30.000),,,,
1.0,0.95,0.3,20,7,raised,ValueError,bayes_auc_target=0.95 unreachable for this score (max achievable 0.9093 at gamma=30.000),,,,
