coupling,bayes_auc_target,prevalence,quantity,varies_with,grid_invariant,n_seeds_compared,n_ours_raised,n_reference_raised,mean_ours,mean_reference,sd_ours,sd_reference,mean_abs_diff,max_abs_diff,mean_diff,se_mean_diff,z_mean_diff,noise_floor,noise_floor_exceeded
0.0,0.65,0.05,realised_prevalence,label_layer,False,5,0,0,0.049714999999999995,0.050280000000000005,0.00026260712100017466,0.0006125459166462535,0.0008550000000000002,0.001355000000000002,-0.0005650000000000099,0.0002980520088843554,1.895642314624461,0.0008941560266530663,False
0.0,0.65,0.05,expected_bayes_auc,label_layer,False,5,0,0,0.6499999999999976,0.6499999999839202,7.573560323633688e-15,2.2055134439147452e-11,1.60892632550258e-11,4.179045998142783e-11,1.6077361664201817e-11,9.863356553300545e-12,1.6300091735831954,2.9590069659901634e-11,False
0.0,0.65,0.05,solved_gamma,label_layer,False,5,0,0,0.5430681411471813,0.5431706792364357,0.00010218811751635593,0.0003406244379864471,0.0002792108263921067,0.0004101517541701405,-0.00010253808925442254,0.00015903925245996318,0.6447344769822511,0.00047711775737988954,False
0.0,0.65,0.05,solved_alpha,label_layer,False,5,0,0,-3.0756669821953104,-3.075706620359422,3.078678127525215e-05,6.321593629286266e-05,5.265938739027476e-05,0.0001140093190423741,3.9638164111455154e-05,3.144544641970753e-05,1.2605374903061664,9.43363392591226e-05,False
0.0,0.65,0.05,corr_core_trap,features_only,True,5,0,0,-0.07087430134101273,-0.06894061338247769,0.0025267373171367876,0.0023926026765075997,0.003648410653336423,0.006079946988020654,-0.0019336879585350464,0.0015562100781991448,1.2425622900300974,0.004668630234597434,False
0.0,0.65,0.05,trap_variance_share,coupling_only,False,5,0,0,0.0,0.0,0.0,0.0,0.0,0.0,0.0,0.0,,0.0,False
0.0,0.65,0.05,R1_smoker_cigs__binding_rate,features_only,True,5,0,0,0.8005939999999999,0.799552,0.000673474201436098,0.0005919733946724212,0.0010419999999999874,0.0017499999999999183,0.0010419999999998764,0.00040099875311526347,2.5985118205601077,0.0012029962593457905,False
0.0,0.65,0.05,R2_glucose_floor__binding_rate,features_only,True,5,0,0,0.5678000000000001,0.5679460000000001,0.0006344781320108648,0.0009650479262710303,0.0005439999999999889,0.0009199999999999209,-0.00014599999999997948,0.0005165036301905364,0.28266984289368996,0.0015495108905716093,False
0.0,0.65,0.05,R3_glucose_ceil__binding_rate,features_only,True,5,0,0,0.029708999999999996,0.029668,0.00047062989705287466,0.0004937813281200497,7.100000000000093e-05,0.00018500000000000114,4.09999999999959e-05,0.00030506146921563187,0.13439914291835775,0.0009151844076468956,False
0.0,0.65,0.05,R4_bp_mandatory__binding_rate,features_only,True,5,0,0,0.21197300000000002,0.21221,0.0006232836432957365,0.001139051140203984,0.00047299999999999567,0.0010399999999999854,-0.00023699999999998722,0.0005806754687430843,0.40814536304244353,0.0017420264062292527,False
0.0,0.65,0.05,R5_anatomical__binding_rate,features_only,True,5,0,0,0.500192,0.499808,0.00040000937489015695,0.00040000937489012925,0.0006359999999999921,0.0014400000000000523,0.00038399999999999546,0.0002529881420146035,1.5178577025077697,0.0007589644260438106,False
0.0,0.65,0.05,R6_preg_age__binding_rate,features_only,True,5,0,0,0.010137000000000002,0.01026,0.00018518909255137026,0.00016431676725155007,0.00018899999999999993,0.0003049999999999997,-0.0001229999999999981,0.00011072036849649666,1.110906707322691,0.00033216110548948995,False
0.0,0.65,0.1,realised_prevalence,label_layer,False,5,0,0,0.09935,0.100638,0.0005133712107237798,0.0006942405923021211,0.0012879999999999975,0.002809999999999993,-0.0012880000000000114,0.00038613987103121056,3.335578883787181,0.0011584196130936318,True
0.0,0.65,0.1,expected_bayes_auc,label_layer,False,5,0,0,0.6499999999999968,0.6500000000000046,6.8045894329474554e-15,5.55666346546344e-15,7.815970093361103e-15,1.965094753586527e-14,-7.771561172376096e-15,3.928840699733099e-15,1.978079990085637,1.1786522099199298e-14,False
0.0,0.65,0.1,solved_gamma,label_layer,False,5,0,0,0.5449912175377679,0.5451140485976544,9.8449814733075e-05,0.0002715978601343139,0.00021916573895064406,0.0003895436019433207,-0.0001228310598865301,0.00012919579223064128,0.950735761326121,0.00038758737669192386,False
0.0,0.65,0.1,solved_alpha,label_layer,False,5,0,0,-2.313764149233604,-2.3138021954284334,2.8094858698030375e-05,6.09421071934221e-05,4.914885869391483e-05,0.00010432556274730942,3.8046194829277624e-05,3.0010869745599986e-05,1.2677471580061663,9.003260923679996e-05,False
0.0,0.65,0.1,corr_core_trap,features_only,True,5,0,0,-0.07087430134101273,-0.06894061338247769,0.0025267373171367876,0.0023926026765075997,0.003648410653336423,0.006079946988020654,-0.0019336879585350464,0.0015562100781991448,1.2425622900300974,0.004668630234597434,False
0.0,0.65,0.1,trap_variance_share,coupling_only,False,5,0,0,0.0,0.0,0.0,0.0,0.0,0.0,0.0,0.0,,0.0,False
0.0,0.65,0.1,R1_smoker_cigs__binding_rate,features_only,True,5,0,0,0.8005939999999999,0.799552,0.000673474201436098,0.0005919733946724212,0.0010419999999999874,0.0017499999999999183,0.0010419999999998764,0.00040099875311526347,2.5985118205601077,0.0012029962593457905,False
0.0,0.65,0.1,R2_glucose_floor__binding_rate,features_only,True,5,0,0,0.5678000000000001,0.5679460000000001,0.0006344781320108648,0.0009650479262710303,0.0005439999999999889,0.0009199999999999209,-0.00014599999999997948,0.0005165036301905364,0.28266984289368996,0.0015495108905716093,False
0.0,0.65,0.1,R3_glucose_ceil__binding_rate,features_only,True,5,0,0,0.029708999999999996,0.029668,0.00047062989705287466,0.0004937813281200497,7.100000000000093e-05,0.00018500000000000114,4.09999999999959e-05,0.00030506146921563187,0.13439914291835775,0.0009151844076468956,False
0.0,0.65,0.1,R4_bp_mandatory__binding_rate,features_only,True,5,0,0,0.21197300000000002,0.21221,0.0006232836432957365,0.001139051140203984,0.00047299999999999567,0.0010399999999999854,-0.00023699999999998722,0.0005806754687430843,0.40814536304244353,0.0017420264062292527,False
0.0,0.65,0.1,R5_anatomical__binding_rate,features_only,True,5,0,0,0.500192,0.499808,0.00040000937489015695,0.00040000937489012925,0.0006359999999999921,0.0014400000000000523,0.00038399999999999546,0.0002529881420146035,1.5178577025077697,0.0007589644260438106,False
0.0,0.65,0.1,R6_preg_age__binding_rate,features_only,True,5,0,0,0.010137000000000002,0.01026,0.00018518909255137026,0.00016431676725155007,0.00018899999999999993,0.0003049999999999997,-0.0001229999999999981,0.00011072036849649666,1.110906707322691,0.00033216110548948995,False
0.0,0.65,0.3,realised_prevalence,label_layer,False,5,0,0,0.299553,0.300681,0.0009355853782525741,0.0010450502380268535,0.0017400000000000083,0.0023500000000000187,-0.0011279999999999624,0.000627287812730328,1.7982176237256042,0.001881863438190984,False
0.0,0.65,0.3,expected_bayes_auc,label_layer,False,5,0,0,0.6499999999999968,0.6500000000000036,1.0351750678301029e-14,8.52760418946324e-15,1.3655743202889425e-14,3.164135620181696e-14,-6.772360450213455e-15,5.997979248344509e-15,1.1291070158474925,1.7993937745033528e-14,False
0.0,0.65,0.3,solved_gamma,label_layer,False,5,0,0,0.5502419004419247,0.5504007850282182,0.0001068327180637094,5.4503834781404995e-05,0.00015888458629353952,0.000241980690238619,-0.00015888458629353952,5.363561811848301e-05,2.9622961730870285,0.00016090685435544904,False
0.0,0.65,0.3,solved_alpha,label_layer,False,5,0,0,-0.9051520622733916,-0.9051783290924081,2.0008210780575352e-05,5.717657194882649e-05,4.3760698135009155e-05,7.52139046765743e-05,2.6266819016518284e-05,2.7090547718565103e-05,0.9695935013716124,8.127164315569532e-05,False
0.0,0.65,0.3,corr_core_trap,features_only,True,5,0,0,-0.07087430134101273,-0.06894061338247769,0.0025267373171367876,0.0023926026765075997,0.003648410653336423,0.006079946988020654,-0.0019336879585350464,0.0015562100781991448,1.2425622900300974,0.004668630234597434,False
0.0,0.65,0.3,trap_variance_share,coupling_only,False,5,0,0,0.0,0.0,0.0,0.0,0.0,0.0,0.0,0.0,,0.0,False
0.0,0.65,0.3,R1_smoker_cigs__binding_rate,features_only,True,5,0,0,0.8005939999999999,0.799552,0.000673474201436098,0.0005919733946724212,0.0010419999999999874,0.0017499999999999183,0.0010419999999998764,0.00040099875311526347,2.5985118205601077,0.0012029962593457905,False
0.0,0.65,0.3,R2_glucose_floor__binding_rate,features_only,True,5,0,0,0.5678000000000001,0.5679460000000001,0.0006344781320108648,0.0009650479262710303,0.0005439999999999889,0.0009199999999999209,-0.00014599999999997948,0.0005165036301905364,0.28266984289368996,0.0015495108905716093,False
0.0,0.65,0.3,R3_glucose_ceil__binding_rate,features_only,True,5,0,0,0.029708999999999996,0.029668,0.00047062989705287466,0.0004937813281200497,7.100000000000093e-05,0.00018500000000000114,4.09999999999959e-05,0.00030506146921563187,0.13439914291835775,0.0009151844076468956,False
0.0,0.65,0.3,R4_bp_mandatory__binding_rate,features_only,True,5,0,0,0.21197300000000002,0.21221,0.0006232836432957365,0.001139051140203984,0.00047299999999999567,0.0010399999999999854,-0.00023699999999998722,0.0005806754687430843,0.40814536304244353,0.0017420264062292527,False
0.0,0.65,0.3,R5_anatomical__binding_rate,features_only,True,5,0,0,0.500192,0.499808,0.00040000937489015695,0.00040000937489012925,0.0006359999999999921,0.0014400000000000523,0.00038399999999999546,0.0002529881420146035,1.5178577025077697,0.0007589644260438106,False
0.0,0.65,0.3,R6_preg_age__binding_rate,features_only,True,5,0,0,0.010137000000000002,0.01026,0.00018518909255137026,0.00016431676725155007,0.00018899999999999993,0.0003049999999999997,-0.0001229999999999981,0.00011072036849649666,1.110906707322691,0.00033216110548948995,False
0.0,0.85,0.05,realised_prevalence,label_layer,False,5,0,0,0.049664,0.050073999999999994,0.0002023425313669851,0.00047069629274087006,0.0005299999999999999,0.0007549999999999987,-0.0004099999999999937,0.00022912769365574217,1.7893952208850277,0.0006873830809672265,False
0.0,0.85,0.05,expected_bayes_auc,label_layer,False,5,0,0,0.8500000000000096,0.8500000000331103,8.592939737008e-15,1.3360981065551816e-12,3.310074436768673e-11,3.430633555012719e-11,-3.310063334538427e-11,5.975335955331157e-13,55.39543482212426,1.792600786599347e-12,True
0.0,0.85,0.05,solved_gamma,label_layer,False,5,0,0,1.623802385636941,1.6231599767056974,0.0012370477167846386,0.0033686754160334774,0.003257576142127716,0.005480878077513296,0.0006424089312435655,0.0016048838657167943,0.40028374947656686,0.004814651597150383,False
0.0,0.85,0.05,solved_alpha,label_layer,False,5,0,0,-3.979015433108941,-3.978311409609668,0.0009150912117903078,0.0022526615193204378,0.0022244104818100576,0.00407113904616585,-0.0007040234992730099,0.0010873707598168085,0.6474548749054261,0.0032621122794504256,False
0.0,0.85,0.05,corr_core_trap,features_only,True,5,0,0,-0.07087430134101273,-0.06894061338247769,0.0025267373171367876,0.0023926026765075997,0.003648410653336423,0.006079946988020654,-0.0019336879585350464,0.0015562100781991448,1.2425622900300974,0.004668630234597434,False
0.0,0.85,0.05,trap_variance_share,coupling_only,False,5,0,0,0.0,0.0,0.0,0.0,0.0,0.0,0.0,0.0,,0.0,False
0.0,0.85,0.05,R1_smoker_cigs__binding_rate,features_only,True,5,0,0,0.8005939999999999,0.799552,0.000673474201436098,0.0005919733946724212,0.0010419999999999874,0.0017499999999999183,0.0010419999999998764,0.00040099875311526347,2.5985118205601077,0.0012029962593457905,False
0.0,0.85,0.05,R2_glucose_floor__binding_rate,features_only,True,5,0,0,0.5678000000000001,0.5679460000000001,0.0006344781320108648,0.0009650479262710303,0.0005439999999999889,0.0009199999999999209,-0.00014599999999997948,0.0005165036301905364,0.28266984289368996,0.0015495108905716093,False
0.0,0.85,0.05,R3_glucose_ceil__binding_rate,features_only,True,5,0,0,0.029708999999999996,0.029668,0.00047062989705287466,0.0004937813281200497,7.100000000000093e-05,0.00018500000000000114,4.09999999999959e-05,0.00030506146921563187,0.13439914291835775,0.0009151844076468956,False
0.0,0.85,0.05,R4_bp_mandatory__binding_rate,features_only,True,5,0,0,0.21197300000000002,0.21221,0.0006232836432957365,0.001139051140203984,0.00047299999999999567,0.0010399999999999854,-0.00023699999999998722,0.0005806754687430843,0.40814536304244353,0.0017420264062292527,False
0.0,0.85,0.05,R5_anatomical__binding_rate,features_only,True,5,0,0,0.500192,0.499808,0.00040000937489015695,0.00040000937489012925,0.0006359999999999921,0.0014400000000000523,0.00038399999999999546,0.0002529881420146035,1.5178577025077697,0.0007589644260438106,False
0.0,0.85,0.05,R6_preg_age__binding_rate,features_only,True,5,0,0,0.010137000000000002,0.01026,0.00018518909255137026,0.00016431676725155007,0.00018899999999999993,0.0003049999999999997,-0.0001229999999999981,0.00011072036849649666,1.110906707322691,0.00033216110548948995,False
0.0,0.85,0.1,realised_prevalence,label_layer,False,5,0,0,0.099331,0.100683,0.0003801381327885989,0.0006427441170481504,0.0013519999999999977,0.0017599999999999977,-0.001351999999999992,0.0003339535895899336,4.04846673952549,0.0010018607687698007,True
0.0,0.85,0.1,expected_bayes_auc,label_layer,False,5,0,0,0.8500000000000008,0.8500000000703849,9.838950285710362e-15,1.7095204850073002e-12,7.038420957172775e-11,7.186717887464056e-11,-7.038414295834627e-11,7.645334647485772e-13,92.06155937398064,2.2936003942457315e-12,True
0.0,0.85,0.1,solved_gamma,label_layer,False,5,0,0,1.6685359068879329,1.6685217663561958,0.0010880068244841048,0.002599754668514518,0.002655740610374524,0.004171291375602015,1.414053173709462e-05,0.0012603557582355086,0.011219476441232187,0.0037810672747065257,False
0.0,0.85,0.1,solved_alpha,label_layer,False,5,0,0,-3.124427312442277,-3.124012880566652,0.00079523666414643,0.0019374522263646615,0.0019843052165447795,0.0035337563951070017,-0.00041443187562473227,0.0009366026352139017,0.44248420839653535,0.002809807905641705,False
0.0,0.85,0.1,corr_core_trap,features_only,True,5,0,0,-0.07087430134101273,-0.06894061338247769,0.0025267373171367876,0.0023926026765075997,0.003648410653336423,0.006079946988020654,-0.0019336879585350464,0.0015562100781991448,1.2425622900300974,0.004668630234597434,False
0.0,0.85,0.1,trap_variance_share,coupling_only,False,5,0,0,0.0,0.0,0.0,0.0,0.0,0.0,0.0,0.0,,0.0,False
0.0,0.85,0.1,R1_smoker_cigs__binding_rate,features_only,True,5,0,0,0.8005939999999999,0.799552,0.000673474201436098,0.0005919733946724212,0.0010419999999999874,0.0017499999999999183,0.0010419999999998764,0.00040099875311526347,2.5985118205601077,0.0012029962593457905,False
0.0,0.85,0.1,R2_glucose_floor__binding_rate,features_only,True,5,0,0,0.5678000000000001,0.5679460000000001,0.0006344781320108648,0.0009650479262710303,0.0005439999999999889,0.0009199999999999209,-0.00014599999999997948,0.0005165036301905364,0.28266984289368996,0.0015495108905716093,False
0.0,0.85,0.1,R3_glucose_ceil__binding_rate,features_only,True,5,0,0,0.029708999999999996,0.029668,0.00047062989705287466,0.0004937813281200497,7.100000000000093e-05,0.00018500000000000114,4.09999999999959e-05,0.00030506146921563187,0.13439914291835775,0.0009151844076468956,False
0.0,0.85,0.1,R4_bp_mandatory__binding_rate,features_only,True,5,0,0,0.21197300000000002,0.21221,0.0006232836432957365,0.001139051140203984,0.00047299999999999567,0.0010399999999999854,-0.00023699999999998722,0.0005806754687430843,0.40814536304244353,0.0017420264062292527,False
0.0,0.85,0.1,R5_anatomical__binding_rate,features_only,True,5,0,0,0.500192,0.499808,0.00040000937489015695,0.00040000937489012925,0.0006359999999999921,0.0014400000000000523,0.00038399999999999546,0.0002529881420146035,1.5178577025077697,0.0007589644260438106,False
0.0,0.85,0.1,R6_preg_age__binding_rate,features_only,True,5,0,0,0.010137000000000002,0.01026,0.00018518909255137026,0.00016431676725155007,0.00018899999999999993,0.0003049999999999997,-0.0001229999999999981,0.00011072036849649666,1.110906707322691,0.00033216110548948995,False
0.0,0.85,0.3,realised_prevalence,label_layer,False,5,0,0,0.29963100000000004,0.298943,0.00109129166587123,0.0008188299579277817,0.0012920000000000043,0.002444999999999975,0.0006880000000000219,0.0006101475231450206,1.1275961532281715,0.0018304425694350619,False
0.0,0.85,0.3,expected_bayes_auc,label_layer,False,5,0,0,0.8500000000000011,0.8500000000999067,9.269364995670355e-15,8.07703251202581e-13,9.990557270356249e-11,1.0073730738469067e-10,-9.990563931694396e-11,3.612396609262728e-13,276.5633182712299,1.0837189827788186e-12,True
0.0,0.85,0.3,solved_gamma,label_layer,False,5,0,0,1.7382190123146917,1.7400721582696597,0.001120114510988969,0.0006586405412932307,0.0018531459549681717,0.0026248831876241052,-0.001853145954967994,0.0005811133934720653,3.1889575697020596,0.001743340180416196,True
0.0,0.85,0.3,solved_alpha,label_layer,False,5,0,0,-1.3092169748337006,-1.3095805137295204,0.00046560822278314784,0.0012672515815546665,0.0011339683392030953,0.0017064795103556296,0.0003635388958198593,0.000603774392977391,0.6021104903557452,0.001811323178932173,False
0.0,0.85,0.3,corr_core_trap,features_only,True,5,0,0,-0.07087430134101273,-0.06894061338247769,0.0025267373171367876,0.0023926026765075997,0.003648410653336423,0.006079946988020654,-0.0019336879585350464,0.0015562100781991448,1.2425622900300974,0.004668630234597434,False
0.0,0.85,0.3,trap_variance_share,coupling_only,False,5,0,0,0.0,0.0,0.0,0.0,0.0,0.0,0.0,0.0,,0.0,False
0.0,0.85,0.3,R1_smoker_cigs__binding_rate,features_only,True,5,0,0,0.8005939999999999,0.799552,0.000673474201436098,0.0005919733946724212,0.0010419999999999874,0.0017499999999999183,0.0010419999999998764,0.00040099875311526347,2.5985118205601077,0.0012029962593457905,False
0.0,0.85,0.3,R2_glucose_floor__binding_rate,features_only,True,5,0,0,0.5678000000000001,0.5679460000000001,0.0006344781320108648,0.0009650479262710303,0.0005439999999999889,0.0009199999999999209,-0.00014599999999997948,0.0005165036301905364,0.28266984289368996,0.0015495108905716093,False
0.0,0.85,0.3,R3_glucose_ceil__binding_rate,features_only,True,5,0,0,0.029708999999999996,0.029668,0.00047062989705287466,0.0004937813281200497,7.100000000000093e-05,0.00018500000000000114,4.09999999999959e-05,0.00030506146921563187,0.13439914291835775,0.0009151844076468956,False
0.0,0.85,0.3,R4_bp_mandatory__binding_rate,features_only,True,5,0,0,0.21197300000000002,0.21221,0.0006232836432957365,0.001139051140203984,0.00047299999999999567,0.0010399999999999854,-0.00023699999999998722,0.0005806754687430843,0.40814536304244353,0.0017420264062292527,False
0.0,0.85,0.3,R5_anatomical__binding_rate,features_only,True,5,0,0,0.500192,0.499808,0.00040000937489015695,0.00040000937489012925,0.0006359999999999921,0.0014400000000000523,0.00038399999999999546,0.0002529881420146035,1.5178577025077697,0.0007589644260438106,False
0.0,0.85,0.3,R6_preg_age__binding_rate,features_only,True,5,0,0,0.010137000000000002,0.01026,0.00018518909255137026,0.00016431676725155007,0.00018899999999999993,0.0003049999999999997,-0.0001229999999999981,0.00011072036849649666,1.110906707322691,0.00033216110548948995,False
0.0,0.95,0.05,realised_prevalence,label_layer,False,5,0,0,0.049603999999999995,0.050097,0.000364989725882799,0.0005227403753298585,0.0005470000000000017,0.0011150000000000049,-0.0004930000000000073,0.0002851227805700562,1.7290796582943486,0.0008553683417101686,False
0.0,0.95,0.05,expected_bayes_auc,label_layer,False,5,0,0,0.9500000000000435,0.9500000000000851,9.005647135554682e-15,7.301216933386902e-14,5.595524044110789e-14,1.3733458814613186e-13,-4.163336342344337e-14,3.289947887480192e-14,1.265471820446701,9.869843662440576e-14,False
0.0,0.95,0.05,solved_gamma,label_layer,False,5,0,0,3.2563867671576667,3.2493451066587027,0.006388656536046214,0.010290550550590936,0.012944961655002007,0.024730005732516602,0.007041660498964042,0.005416832339473567,1.2999591011244744,0.0162504970184207,False
0.0,0.95,0.05,solved_alpha,label_layer,False,5,0,0,-6.10801681372971,-6.098826708408827,0.006969887785615402,0.010338168068509917,0.01391653449252015,0.026678847844443077,-0.009190105320883823,0.005575967265987648,1.648163427526151,0.016727901797962942,False
0.0,0.95,0.05,corr_core_trap,features_only,True,5,0,0,-0.07087430134101273,-0.06894061338247769,0.0025267373171367876,0.0023926026765075997,0.003648410653336423,0.006079946988020654,-0.0019336879585350464,0.0015562100781991448,1.2425622900300974,0.004668630234597434,False
0.0,0.95,0.05,trap_variance_share,coupling_only,False,5,0,0,0.0,0.0,0.0,0.0,0.0,0.0,0.0,0.0,,0.0,False
0.0,0.95,0.05,R1_smoker_cigs__binding_rate,features_only,True,5,0,0,0.8005939999999999,0.799552,0.000673474201436098,0.0005919733946724212,0.0010419999999999874,0.0017499999999999183,0.0010419999999998764,0.00040099875311526347,2.5985118205601077,0.0012029962593457905,False
0.0,0.95,0.05,R2_glucose_floor__binding_rate,features_only,True,5,0,0,0.5678000000000001,0.5679460000000001,0.0006344781320108648,0.0009650479262710303,0.0005439999999999889,0.0009199999999999209,-0.00014599999999997948,0.0005165036301905364,0.28266984289368996,0.0015495108905716093,False
0.0,0.95,0.05,R3_glucose_ceil__binding_rate,features_only,True,5,0,0,0.029708999999999996,0.029668,0.00047062989705287466,0.0004937813281200497,7.100000000000093e-05,0.00018500000000000114,4.09999999999959e-05,0.00030506146921563187,0.13439914291835775,0.0009151844076468956,False
0.0,0.95,0.05,R4_bp_mandatory__binding_rate,features_only,True,5,0,0,0.21197300000000002,0.21221,0.0006232836432957365,0.001139051140203984,0.00047299999999999567,0.0010399999999999854,-0.00023699999999998722,0.0005806754687430843,0.40814536304244353,0.0017420264062292527,False
0.0,0.95,0.05,R5_anatomical__binding_rate,features_only,True,5,0,0,0.500192,0.499808,0.00040000937489015695,0.00040000937489012925,0.0006359999999999921,0.0014400000000000523,0.00038399999999999546,0.0002529881420146035,1.5178577025077697,0.0007589644260438106,False
0.0,0.95,0.05,R6_preg_age__binding_rate,features_only,True,5,0,0,0.010137000000000002,0.01026,0.00018518909255137026,0.00016431676725155007,0.00018899999999999993,0.0003049999999999997,-0.0001229999999999981,0.00011072036849649666,1.110906707322691,0.00033216110548948995,False
0.0,0.95,0.1,realised_prevalence,label_layer,False,5,0,0,0.09962900000000001,0.100185,0.00029185612894026814,0.0003277384628022763,0.0006139999999999979,0.0011950000000000016,-0.0005559999999999871,0.00019626130540684655,2.832957820429289,0.0005887839162205396,False
0.0,0.95,0.1,expected_bayes_auc,label_layer,False,5,0,0,0.9500000000000879,0.950000000000062,4.4444017919383496e-14,4.503853390280731e-14,6.0240701316161e-14,1.630917623174355e-13,2.5868196473766147e-14,2.8297491991103397e-14,0.9141515609192147,8.489247597331019e-14,False
0.0,0.95,0.1,solved_gamma,label_layer,False,5,0,0,3.5036256222115183,3.4980958695142084,0.007259243305614678,0.008555113941706822,0.011292932666511657,0.025754543968982357,0.005529752697309931,0.005017700427998825,1.1020491909907273,0.015053101283996475,False
0.0,0.95,0.1,solved_alpha,label_layer,False,5,0,0,-5.128327755934092,-5.119953004144009,0.007531881228032936,0.00880573719614161,0.01185845019753593,0.02833914620056266,-0.008374751790082513,0.005182089200326579,1.6160956452765671,0.015546267600979737,False
0.0,0.95,0.1,corr_core_trap,features_only,True,5,0,0,-0.07087430134101273,-0.06894061338247769,0.0025267373171367876,0.0023926026765075997,0.003648410653336423,0.006079946988020654,-0.0019336879585350464,0.0015562100781991448,1.2425622900300974,0.004668630234597434,False
0.0,0.95,0.1,trap_variance_share,coupling_only,False,5,0,0,0.0,0.0,0.0,0.0,0.0,0.0,0.0,0.0,,0.0,False
0.0,0.95,0.1,R1_smoker_cigs__binding_rate,features_only,True,5,0,0,0.8005939999999999,0.799552,0.000673474201436098,0.0005919733946724212,0.0010419999999999874,0.0017499999999999183,0.0010419999999998764,0.00040099875311526347,2.5985118205601077,0.0012029962593457905,False
0.0,0.95,0.1,R2_glucose_floor__binding_rate,features_only,True,5,0,0,0.5678000000000001,0.5679460000000001,0.0006344781320108648,0.0009650479262710303,0.0005439999999999889,0.0009199999999999209,-0.00014599999999997948,0.0005165036301905364,0.28266984289368996,0.0015495108905716093,False
0.0,0.95,0.1,R3_glucose_ceil__binding_rate,features_only,True,5,0,0,0.029708999999999996,0.029668,0.00047062989705287466,0.0004937813281200497,7.100000000000093e-05,0.00018500000000000114,4.09999999999959e-05,0.00030506146921563187,0.13439914291835775,0.0009151844076468956,False
0.0,0.95,0.1,R4_bp_mandatory__binding_rate,features_only,True,5,0,0,0.21197300000000002,0.21221,0.0006232836432957365,0.001139051140203984,0.00047299999999999567,0.0010399999999999854,-0.00023699999999998722,0.0005806754687430843,0.40814536304244353,0.0017420264062292527,False
0.0,0.95,0.1,R5_anatomical__binding_rate,features_only,True,5,0,0,0.500192,0.499808,0.00040000937489015695,0.00040000937489012925,0.0006359999999999921,0.0014400000000000523,0.00038399999999999546,0.0002529881420146035,1.5178577025077697,0.0007589644260438106,False
0.0,0.95,0.1,R6_preg_age__binding_rate,features_only,True,5,0,0,0.010137000000000002,0.01026,0.00018518909255137026,0.00016431676725155007,0.00018899999999999993,0.0003049999999999997,-0.0001229999999999981,0.00011072036849649666,1.110906707322691,0.00033216110548948995,False
0.0,0.95,0.3,realised_prevalence,label_layer,False,5,0,0,0.299643,0.299475,0.0005676002114164565,0.00032838620555681865,0.00034199999999999785,0.0007150000000000212,0.00016800000000000148,0.00029326012343992874,0.5728702492155041,0.0008797803703197863,False
0.0,0.95,0.3,expected_bayes_auc,label_layer,False,5,0,0,0.9499999999999948,0.9500000000378547,1.980472642462215e-14,2.413097700563808e-12,3.785978197612394e-11,4.0345837781785576e-11,-3.7859826385044926e-11,1.0792064436107757e-12,35.081171548952845,3.2376193308323274e-12,True
0.0,0.95,0.3,solved_gamma,label_layer,False,5,0,0,3.723838267527333,3.732840962819759,0.004519224183313052,0.0033550319515618324,0.0090026952924263,0.013445491769804807,-0.009002695292426033,0.002517126401873466,3.576576561957889,0.007551379205620398,True
0.0,0.95,0.3,solved_alpha,label_layer,False,5,0,0,-2.317608979884101,-2.3193473109882747,0.002114282435942495,0.005524249447950326,0.005653250240211261,0.009248591873603385,0.0017383311041738736,0.0026452796518370006,0.6571445491468921,0.007935838955511,False
0.0,0.95,0.3,corr_core_trap,features_only,True,5,0,0,-0.07087430134101273,-0.06894061338247769,0.0025267373171367876,0.0023926026765075997,0.003648410653336423,0.006079946988020654,-0.0019336879585350464,0.0015562100781991448,1.2425622900300974,0.004668630234597434,False
0.0,0.95,0.3,trap_variance_share,coupling_only,False,5,0,0,0.0,0.0,0.0,0.0,0.0,0.0,0.0,0.0,,0.0,False
0.0,0.95,0.3,R1_smoker_cigs__binding_rate,features_only,True,5,0,0,0.8005939999999999,0.799552,0.000673474201436098,0.0005919733946724212,0.0010419999999999874,0.0017499999999999183,0.0010419999999998764,0.00040099875311526347,2.5985118205601077,0.0012029962593457905,False
0.0,0.95,0.3,R2_glucose_floor__binding_rate,features_only,True,5,0,0,0.5678000000000001,0.5679460000000001,0.0006344781320108648,0.0009650479262710303,0.0005439999999999889,0.0009199999999999209,-0.00014599999999997948,0.0005165036301905364,0.28266984289368996,0.0015495108905716093,False
0.0,0.95,0.3,R3_glucose_ceil__binding_rate,features_only,True,5,0,0,0.029708999999999996,0.029668,0.00047062989705287466,0.0004937813281200497,7.100000000000093e-05,0.00018500000000000114,4.09999999999959e-05,0.00030506146921563187,0.13439914291835775,0.0009151844076468956,False
0.0,0.95,0.3,R4_bp_mandatory__binding_rate,features_only,True,5,0,0,0.21197300000000002,0.21221,0.0006232836432957365,0.001139051140203984,0.00047299999999999567,0.0010399999999999854,-0.00023699999999998722,0.0005806754687430843,0.40814536304244353,0.0017420264062292527,False
0.0,0.95,0.3,R5_anatomical__binding_rate,features_only,True,5,0,0,0.500192,0.499808,0.00040000937489015695,0.00040000937489012925,0.0006359999999999921,0.0014400000000000523,0.00038399999999999546,0.0002529881420146035,1.5178577025077697,0.0007589644260438106,False
0.0,0.95,0.3,R6_preg_age__binding_rate,features_only,True,5,0,0,0.010137000000000002,0.01026,0.00018518909255137026,0.00016431676725155007,0.00018899999999999993,0.0003049999999999997,-0.0001229999999999981,0.00011072036849649666,1.110906707322691,0.00033216110548948995,False
0.5,0.65,0.05,realised_prevalence,label_layer,False,5,0,0,0.049862000000000004,0.050234999999999995,0.0003071970051937361,0.0006672611932369522,0.0006650000000000003,0.001235,-0.0003729999999999914,0.00032851407884594585,1.13541556973851,0.0009855422365378376,False
0.5,0.65,0.05,expected_bayes_auc,label_layer,False,5,0,0,0.6500000000014441,0.6500000000014404,2.4559511006662103e-13,2.8979004086405125e-13,3.516076318987871e-13,5.931921620572211e-13,3.6637359812630166e-15,1.6987950192570274e-13,0.02156667484735952,5.096385057771082e-13,False
0.5,0.65,0.05,solved_gamma,label_layer,False,5,0,0,0.5095536391057197,0.5096851212836755,0.00019009913043317264,0.0002677743640386628,0.0003243366143717008,0.00038690665164919924,-0.00013148217795577732,0.00014686101554038,0.895283050249818,0.00044058304662114,False
0.5,0.65,0.05,solved_alpha,label_layer,False,5,0,0,-3.0720702827265485,-3.07207398799839,8.20767000160159e-05,5.375282665667701e-05,7.532425436185264e-05,0.00015549705370299094,3.7052718413477237e-06,4.387698954828563e-05,0.0844468109479151,0.00013163096864485688,False
0.5,0.65,0.05,corr_core_trap,features_only,True,5,0,0,-0.07087430134101273,-0.06894061338247769,0.0025267373171367876,0.0023926026765075997,0.003648410653336423,0.006079946988020654,-0.0019336879585350464,0.0015562100781991448,1.2425622900300974,0.004668630234597434,False
0.5,0.65,0.05,trap_variance_share,coupling_only,False,5,0,0,0.25,0.25,1.962615573354719e-17,7.343435057440258e-17,6.661338147750939e-17,1.3877787807814457e-16,0.0,3.399349888776296e-17,0.0,1.0198049666328888e-16,False
0.5,0.65,0.05,R1_smoker_cigs__binding_rate,features_only,True,5,0,0,0.8005939999999999,0.799552,0.000673474201436098,0.0005919733946724212,0.0010419999999999874,0.0017499999999999183,0.0010419999999998764,0.00040099875311526347,2.5985118205601077,0.0012029962593457905,False
0.5,0.65,0.05,R2_glucose_floor__binding_rate,features_only,True,5,0,0,0.5678000000000001,0.5679460000000001,0.0006344781320108648,0.0009650479262710303,0.0005439999999999889,0.0009199999999999209,-0.00014599999999997948,0.0005165036301905364,0.28266984289368996,0.0015495108905716093,False
0.5,0.65,0.05,R3_glucose_ceil__binding_rate,features_only,True,5,0,0,0.029708999999999996,0.029668,0.00047062989705287466,0.0004937813281200497,7.100000000000093e-05,0.00018500000000000114,4.09999999999959e-05,0.00030506146921563187,0.13439914291835775,0.0009151844076468956,False
0.5,0.65,0.05,R4_bp_mandatory__binding_rate,features_only,True,5,0,0,0.21197300000000002,0.21221,0.0006232836432957365,0.001139051140203984,0.00047299999999999567,0.0010399999999999854,-0.00023699999999998722,0.0005806754687430843,0.40814536304244353,0.0017420264062292527,False
0.5,0.65,0.05,R5_anatomical__binding_rate,features_only,True,5,0,0,0.500192,0.499808,0.00040000937489015695,0.00040000937489012925,0.0006359999999999921,0.0014400000000000523,0.00038399999999999546,0.0002529881420146035,1.5178577025077697,0.0007589644260438106,False
0.5,0.65,0.05,R6_preg_age__binding_rate,features_only,True,5,0,0,0.010137000000000002,0.01026,0.00018518909255137026,0.00016431676725155007,0.00018899999999999993,0.0003049999999999997,-0.0001229999999999981,0.00011072036849649666,1.110906707322691,0.00033216110548948995,False
0.5,0.65,0.1,realised_prevalence,label_layer,False,5,0,0,0.099472,0.100651,0.0005219506681670245,0.0008785029880427274,0.001325000000000004,0.002704999999999999,-0.0011789999999999995,0.0004569901530667819,2.579924298341954,0.0013709704592003457,False
0.5,0.65,0.1,expected_bayes_auc,label_layer,False,5,0,0,0.6499999999999985,0.6500000000844186,5.824175385795272e-15,4.279530989720639e-12,8.442007093378834e-11,9.082445906472003e-11,-8.442013754716982e-11,1.9138662133492108e-12,44.1097381616017,5.741598640047632e-12,True
0.5,0.65,0.1,solved_gamma,label_layer,False,5,0,0,0.5193121376873757,0.5194093574043342,0.00010240569925109563,0.00014720980702670065,0.00013904386425773741,0.00023502858902524348,-9.721971695852982e-05,8.019682602689996e-05,1.2122638983981733,0.00024059047808069986,False
0.5,0.65,0.1,solved_alpha,label_layer,False,5,0,0,-2.309680605971235,-2.3096902070713137,5.393054963671174e-05,3.2603897985073974e-05,4.0938493190267875e-05,9.659528737326895e-05,9.60110007852677e-06,2.8183393507308303e-05,0.34066515361385014,8.45501805219249e-05,False
0.5,0.65,0.1,corr_core_trap,features_only,True,5,0,0,-0.07087430134101273,-0.06894061338247769,0.0025267373171367876,0.0023926026765075997,0.003648410653336423,0.006079946988020654,-0.0019336879585350464,0.0015562100781991448,1.2425622900300974,0.004668630234597434,False
0.5,0.65,0.1,trap_variance_share,coupling_only,False,5,0,0,0.25,0.25,1.962615573354719e-17,7.343435057440258e-17,6.661338147750939e-17,1.3877787807814457e-16,0.0,3.399349888776296e-17,0.0,1.0198049666328888e-16,False
0.5,0.65,0.1,R1_smoker_cigs__binding_rate,features_only,True,5,0,0,0.8005939999999999,0.799552,0.000673474201436098,0.0005919733946724212,0.0010419999999999874,0.0017499999999999183,0.0010419999999998764,0.00040099875311526347,2.5985118205601077,0.0012029962593457905,False
0.5,0.65,0.1,R2_glucose_floor__binding_rate,features_only,True,5,0,0,0.5678000000000001,0.5679460000000001,0.0006344781320108648,0.0009650479262710303,0.0005439999999999889,0.0009199999999999209,-0.00014599999999997948,0.0005165036301905364,0.28266984289368996,0.0015495108905716093,False
0.5,0.65,0.1,R3_glucose_ceil__binding_rate,features_only,True,5,0,0,0.029708999999999996,0.029668,0.00047062989705287466,0.0004937813281200497,7.100000000000093e-05,0.00018500000000000114,4.09999999999959e-05,0.00030506146921563187,0.13439914291835775,0.0009151844076468956,False
0.5,0.65,0.1,R4_bp_mandatory__binding_rate,features_only,True,5,0,0,0.21197300000000002,0.21221,0.0006232836432957365,0.001139051140203984,0.00047299999999999567,0.0010399999999999854,-0.00023699999999998722,0.0005806754687430843,0.40814536304244353,0.0017420264062292527,False
0.5,0.65,0.1,R5_anatomical__binding_rate,features_only,True,5,0,0,0.500192,0.499808,0.00040000937489015695,0.00040000937489012925,0.0006359999999999921,0.0014400000000000523,0.00038399999999999546,0.0002529881420146035,1.5178577025077697,0.0007589644260438106,False
0.5,0.65,0.1,R6_preg_age__binding_rate,features_only,True,5,0,0,0.010137000000000002,0.01026,0.00018518909255137026,0.00016431676725155007,0.00018899999999999993,0.0003049999999999997,-0.0001229999999999981,0.00011072036849649666,1.110906707322691,0.00033216110548948995,False
0.5,0.65,0.3,realised_prevalence,label_layer,False,5,0,0,0.300129,0.300491,0.0004991918468885434,0.0005781370944680943,0.0006560000000000122,0.0014149999999999996,-0.00036200000000002897,0.0003415947891874246,1.0597351348981163,0.0010247843675622737,False
0.5,0.65,0.3,expected_bayes_auc,label_layer,False,5,0,0,0.6499999999999985,0.6500000000000001,1.180705353144999e-14,5.620349862407294e-15,9.015010959956271e-15,1.7208456881689926e-14,-1.6653345369377348e-15,5.847988469044503e-15,0.28477048916100756,1.754396540713351e-14,False
0.5,0.65,0.3,solved_gamma,label_layer,False,5,0,0,0.5535812972283327,0.5535463034078124,0.00043740211581350336,0.00035422456339061513,0.000492385155397046,0.0008675272720091165,3.499382052030153e-05,0.0002517123962888603,0.13902303198505686,0.0007551371888665809,False
0.5,0.65,0.3,solved_alpha,label_layer,False,5,0,0,-0.8985872830705744,-0.8986207718606023,5.621052990694663e-05,7.096834298659952e-05,9.101650219798252e-05,0.00010894708323061497,3.348879002784688e-05,4.048735451640023e-05,0.8271419663707976,0.0001214620635492007,False
0.5,0.65,0.3,corr_core_trap,features_only,True,5,0,0,-0.07087430134101273,-0.06894061338247769,0.0025267373171367876,0.0023926026765075997,0.003648410653336423,0.006079946988020654,-0.0019336879585350464,0.0015562100781991448,1.2425622900300974,0.004668630234597434,False
0.5,0.65,0.3,trap_variance_share,coupling_only,False,5,0,0,0.25,0.25,1.962615573354719e-17,7.343435057440258e-17,6.661338147750939e-17,1.3877787807814457e-16,0.0,3.399349888776296e-17,0.0,1.0198049666328888e-16,False
0.5,0.65,0.3,R1_smoker_cigs__binding_rate,features_only,True,5,0,0,0.8005939999999999,0.799552,0.000673474201436098,0.0005919733946724212,0.0010419999999999874,0.0017499999999999183,0.0010419999999998764,0.00040099875311526347,2.5985118205601077,0.0012029962593457905,False
0.5,0.65,0.3,R2_glucose_floor__binding_rate,features_only,True,5,0,0,0.5678000000000001,0.5679460000000001,0.0006344781320108648,0.0009650479262710303,0.0005439999999999889,0.0009199999999999209,-0.00014599999999997948,0.0005165036301905364,0.28266984289368996,0.0015495108905716093,False
0.5,0.65,0.3,R3_glucose_ceil__binding_rate,features_only,True,5,0,0,0.029708999999999996,0.029668,0.00047062989705287466,0.0004937813281200497,7.100000000000093e-05,0.00018500000000000114,4.09999999999959e-05,0.00030506146921563187,0.13439914291835775,0.0009151844076468956,False
0.5,0.65,0.3,R4_bp_mandatory__binding_rate,features_only,True,5,0,0,0.21197300000000002,0.21221,0.0006232836432957365,0.001139051140203984,0.00047299999999999567,0.0010399999999999854,-0.00023699999999998722,0.0005806754687430843,0.40814536304244353,0.0017420264062292527,False
0.5,0.65,0.3,R5_anatomical__binding_rate,features_only,True,5,0,0,0.500192,0.499808,0.00040000937489015695,0.00040000937489012925,0.0006359999999999921,0.0014400000000000523,0.00038399999999999546,0.0002529881420146035,1.5178577025077697,0.0007589644260438106,False
0.5,0.65,0.3,R6_preg_age__binding_rate,features_only,True,5,0,0,0.010137000000000002,0.01026,0.00018518909255137026,0.00016431676725155007,0.00018899999999999993,0.0003049999999999997,-0.0001229999999999981,0.00011072036849649666,1.110906707322691,0.00033216110548948995,False
0.5,0.85,0.05,realised_prevalence,label_layer,False,5,0,0,0.050007,0.050221,0.00023164088585567177,0.0004792754948878567,0.00043400000000000106,0.0008200000000000013,-0.0002139999999999989,0.00023805986642019285,0.8989335464982302,0.0007141795992605786,False
0.5,0.85,0.05,expected_bayes_auc,label_layer,False,5,0,0,0.8500000000000145,0.8500000001310626,2.2221800956288113e-14,2.4076394757668296e-10,1.7932872964365744e-10,4.2129189026240965e-10,-1.3104806129149438e-10,1.0767291112115078e-10,1.2170940669008428,3.2301873336345235e-10,False
0.5,0.85,0.05,solved_gamma,label_layer,False,5,0,0,1.3220955354077,1.3230036238320777,0.0021081246205366003,0.0027552687065408093,0.0034968926820858836,0.0041284980704316965,-0.0009080884243777287,0.0015514957338617242,0.5852986924543239,0.004654487201585173,False
0.5,0.85,0.05,solved_alpha,label_layer,False,5,0,0,-3.7988405255717006,-3.799314877768839,0.0012967370444216557,0.0014981342801847872,0.0019640615624709314,0.002591192423341493,0.00047435219713820587,0.000886107587580673,0.5353212225993041,0.002658322762742019,False
0.5,0.85,0.05,corr_core_trap,features_only,True,5,0,0,-0.07087430134101273,-0.06894061338247769,0.0025267373171367876,0.0023926026765075997,0.003648410653336423,0.006079946988020654,-0.0019336879585350464,0.0015562100781991448,1.2425622900300974,0.004668630234597434,False
0.5,0.85,0.05,trap_variance_share,coupling_only,False,5,0,0,0.25,0.25,1.962615573354719e-17,7.343435057440258e-17,6.661338147750939e-17,1.3877787807814457e-16,0.0,3.399349888776296e-17,0.0,1.0198049666328888e-16,False
0.5,0.85,0.05,R1_smoker_cigs__binding_rate,features_only,True,5,0,0,0.8005939999999999,0.799552,0.000673474201436098,0.0005919733946724212,0.0010419999999999874,0.0017499999999999183,0.0010419999999998764,0.00040099875311526347,2.5985118205601077,0.0012029962593457905,False
0.5,0.85,0.05,R2_glucose_floor__binding_rate,features_only,True,5,0,0,0.5678000000000001,0.5679460000000001,0.0006344781320108648,0.0009650479262710303,0.0005439999999999889,0.0009199999999999209,-0.00014599999999997948,0.0005165036301905364,0.28266984289368996,0.0015495108905716093,False
0.5,0.85,0.05,R3_glucose_ceil__binding_rate,features_only,True,5,0,0,0.029708999999999996,0.029668,0.00047062989705287466,0.0004937813281200497,7.100000000000093e-05,0.00018500000000000114,4.09999999999959e-05,0.00030506146921563187,0.13439914291835775,0.0009151844076468956,False
0.5,0.85,0.05,R4_bp_mandatory__binding_rate,features_only,True,5,0,0,0.21197300000000002,0.21221,0.0006232836432957365,0.001139051140203984,0.00047299999999999567,0.0010399999999999854,-0.00023699999999998722,0.0005806754687430843,0.40814536304244353,0.0017420264062292527,False
0.5,0.85,0.05,R5_anatomical__binding_rate,features_only,True,5,0,0,0.500192,0.499808,0.00040000937489015695,0.00040000937489012925,0.0006359999999999921,0.0014400000000000523,0.00038399999999999546,0.0002529881420146035,1.5178577025077697,0.0007589644260438106,False
0.5,0.85,0.05,R6_preg_age__binding_rate,features_only,True,5,0,0,0.010137000000000002,0.01026,0.00018518909255137026,0.00016431676725155007,0.00018899999999999993,0.0003049999999999997,-0.0001229999999999981,0.00011072036849649666,1.110906707322691,0.00033216110548948995,False
0.5,0.85,0.1,realised_prevalence,label_layer,False,5,0,0,0.099662,0.100268,0.0002757399136867904,0.0003311646116359657,0.0006060000000000065,0.0009450000000000014,-0.0006059999999999954,0.00019271870692799835,3.1444793796089714,0.000578156120783995,True
0.5,0.85,0.1,expected_bayes_auc,label_layer,False,5,0,0,0.850000000000049,0.8500000000000414,1.4497446825527634e-14,9.418591932047571e-15,1.1568523916594131e-14,3.5638159090467525e-14,7.66053886991358e-15,7.731569548822966e-15,0.9908129030643978,2.3194708646468897e-14,False
0.5,0.85,0.1,solved_gamma,label_layer,False,5,0,0,1.4221063101958533,1.4227907701238132,0.0010176481592850685,0.0018291461495944517,0.001893484494191755,0.0030609488903439175,-0.0006844599279598462,0.0009360965134720347,0.7311852123251115,0.002808289540416104,False
0.5,0.85,0.1,solved_alpha,label_layer,False,5,0,0,-2.9516630793518086,-2.952155974343366,0.0012081425701492377,0.0015258441395410653,0.001939626069756617,0.002399770328906037,0.0004928949915572467,0.000870380239662944,0.5662984625525517,0.002611140718988832,False
0.5,0.85,0.1,corr_core_trap,features_only,True,5,0,0,-0.07087430134101273,-0.06894061338247769,0.0025267373171367876,0.0023926026765075997,0.003648410653336423,0.006079946988020654,-0.0019336879585350464,0.0015562100781991448,1.2425622900300974,0.004668630234597434,False
0.5,0.85,0.1,trap_variance_share,coupling_only,False,5,0,0,0.25,0.25,1.962615573354719e-17,7.343435057440258e-17,6.661338147750939e-17,1.3877787807814457e-16,0.0,3.399349888776296e-17,0.0,1.0198049666328888e-16,False
0.5,0.85,0.1,R1_smoker_cigs__binding_rate,features_only,True,5,0,0,0.8005939999999999,0.799552,0.000673474201436098,0.0005919733946724212,0.0010419999999999874,0.0017499999999999183,0.0010419999999998764,0.00040099875311526347,2.5985118205601077,0.0012029962593457905,False
0.5,0.85,0.1,R2_glucose_floor__binding_rate,features_only,True,5,0,0,0.5678000000000001,0.5679460000000001,0.0006344781320108648,0.0009650479262710303,0.0005439999999999889,0.0009199999999999209,-0.00014599999999997948,0.0005165036301905364,0.28266984289368996,0.0015495108905716093,False
0.5,0.85,0.1,R3_glucose_ceil__binding_rate,features_only,True,5,0,0,0.029708999999999996,0.029668,0.00047062989705287466,0.0004937813281200497,7.100000000000093e-05,0.00018500000000000114,4.09999999999959e-05,0.00030506146921563187,0.13439914291835775,0.0009151844076468956,False
0.5,0.85,0.1,R4_bp_mandatory__binding_rate,features_only,True,5,0,0,0.21197300000000002,0.21221,0.0006232836432957365,0.001139051140203984,0.00047299999999999567,0.0010399999999999854,-0.00023699999999998722,0.0005806754687430843,0.40814536304244353,0.0017420264062292527,False
0.5,0.85,0.1,R5_anatomical__binding_rate,features_only,True,5,0,0,0.500192,0.499808,0.00040000937489015695,0.00040000937489012925,0.0006359999999999921,0.0014400000000000523,0.00038399999999999546,0.0002529881420146035,1.5178577025077697,0.0007589644260438106,False
0.5,0.85,0.1,R6_preg_age__binding_rate,features_only,True,5,0,0,0.010137000000000002,0.01026,0.00018518909255137026,0.00016431676725155007,0.00018899999999999993,0.0003049999999999997,-0.0001229999999999981,0.00011072036849649666,1.110906707322691,0.00033216110548948995,False
0.5,0.85,0.3,realised_prevalence,label_layer,False,5,0,0,0.299802,0.29961699999999997,0.0006731511717289068,0.0011714072733255538,0.0012910000000000087,0.0017400000000000193,0.00018500000000004624,0.0006042065044337091,0.3061867070984894,0.0018126195133011274,False
0.5,0.85,0.3,expected_bayes_auc,label_layer,False,5,0,0,0.8500000000000023,0.8500000000731311,1.6226261787030485e-14,1.4199928717661654e-12,7.312899175104804e-11,7.474498797677143e-11,-7.312883631982459e-11,6.350815770337386e-13,115.14872886312624,1.905244731101216e-12,True
0.5,0.85,0.3,solved_gamma,label_layer,False,5,0,0,1.7284826116196594,1.728357566908172,0.0032927530798781642,0.002563516370321334,0.0035597515501565534,0.006042192621711129,0.0001250447114873321,0.0018662175128292308,0.06700436076058534,0.005598652538487693,False
0.5,0.85,0.3,solved_alpha,label_layer,False,5,0,0,-1.1597170780983015,-1.160325565580687,0.001300707519502434,0.0018229914337642007,0.002172660829979689,0.002534524601502275,0.0006084874823855113,0.0010015126378501503,0.6075684513494429,0.003004537913550451,False
0.5,0.85,0.3,corr_core_trap,features_only,True,5,0,0,-0.07087430134101273,-0.06894061338247769,0.0025267373171367876,0.0023926026765075997,0.003648410653336423,0.006079946988020654,-0.0019336879585350464,0.0015562100781991448,1.2425622900300974,0.004668630234597434,False
0.5,0.85,0.3,trap_variance_share,coupling_only,False,5,0,0,0.25,0.25,1.962615573354719e-17,7.343435057440258e-17,6.661338147750939e-17,1.3877787807814457e-16,0.0,3.399349888776296e-17,0.0,1.0198049666328888e-16,False
0.5,0.85,0.3,R1_smoker_cigs__binding_rate,features_only,True,5,0,0,0.8005939999999999,0.799552,0.000673474201436098,0.0005919733946724212,0.0010419999999999874,0.0017499999999999183,0.0010419999999998764,0.00040099875311526347,2.5985118205601077,0.0012029962593457905,False
0.5,0.85,0.3,R2_glucose_floor__binding_rate,features_only,True,5,0,0,0.5678000000000001,0.5679460000000001,0.0006344781320108648,0.0009650479262710303,0.0005439999999999889,0.0009199999999999209,-0.00014599999999997948,0.0005165036301905364,0.28266984289368996,0.0015495108905716093,False
0.5,0.85,0.3,R3_glucose_ceil__binding_rate,features_only,True,5,0,0,0.029708999999999996,0.029668,0.00047062989705287466,0.0004937813281200497,7.100000000000093e-05,0.00018500000000000114,4.09999999999959e-05,0.00030506146921563187,0.13439914291835775,0.0009151844076468956,False
0.5,0.85,0.3,R4_bp_mandatory__binding_rate,features_only,True,5,0,0,0.21197300000000002,0.21221,0.0006232836432957365,0.001139051140203984,0.00047299999999999567,0.0010399999999999854,-0.00023699999999998722,0.0005806754687430843,0.40814536304244353,0.0017420264062292527,False
0.5,0.85,0.3,R5_anatomical__binding_rate,features_only,True,5,0,0,0.500192,0.499808,0.00040000937489015695,0.00040000937489012925,0.0006359999999999921,0.0014400000000000523,0.00038399999999999546,0.0002529881420146035,1.5178577025077697,0.0007589644260438106,False
0.5,0.85,0.3,R6_preg_age__binding_rate,features_only,True,5,0,0,0.010137000000000002,0.01026,0.00018518909255137026,0.00016431676725155007,0.00018899999999999993,0.0003049999999999997,-0.0001229999999999981,0.00011072036849649666,1.110906707322691,0.00033216110548948995,False
0.5,0.95,0.05,realised_prevalence,label_layer,False,5,0,0,0.04995000000000001,0.049862000000000004,0.00011341296222213932,0.0003543762125199713,0.0002880000000000021,0.000565000000000003,8.800000000000474e-05,0.00016640012019226443,0.5288457718559729,0.0004992003605767932,False
0.5,0.95,0.05,expected_bayes_auc,label_layer,False,5,0,0,0.9500000000000165,0.950000000000017,1.7083010013612883e-14,1.3169603850679256e-14,2.0317081350640365e-14,4.3298697960381105e-14,-5.551115123125783e-16,9.6464262471552e-15,0.057545820399164366,2.8939278741465604e-14,False
0.5,0.95,0.05,solved_gamma,label_layer,False,5,0,0,2.3404305779870485,2.3427651727628764,0.006495521767468375,0.008643804108153462,0.011064853857685453,0.013544746973524813,-0.0023345947758279806,0.004835434882030491,0.4828096816077151,0.014506304646091473,False
0.5,0.95,0.05,solved_alpha,label_layer,False,5,0,0,-5.243620232733424,-5.245782207276298,0.008214824513193495,0.009027569757257351,0.012213168292258025,0.01634399150142052,0.0021619745428740345,0.005458577791049832,0.39606920073923296,0.016375733373149494,False
0.5,0.95,0.05,corr_core_trap,features_only,True,5,0,0,-0.07087430134101273,-0.06894061338247769,0.0025267373171367876,0.0023926026765075997,0.003648410653336423,0.006079946988020654,-0.0019336879585350464,0.0015562100781991448,1.2425622900300974,0.004668630234597434,False
0.5,0.95,0.05,trap_variance_share,coupling_only,False,5,0,0,0.25,0.25,1.962615573354719e-17,7.343435057440258e-17,6.661338147750939e-17,1.3877787807814457e-16,0.0,3.399349888776296e-17,0.0,1.0198049666328888e-16,False
0.5,0.95,0.05,R1_smoker_cigs__binding_rate,features_only,True,5,0,0,0.8005939999999999,0.799552,0.000673474201436098,0.0005919733946724212,0.0010419999999999874,0.0017499999999999183,0.0010419999999998764,0.00040099875311526347,2.5985118205601077,0.0012029962593457905,False
0.5,0.95,0.05,R2_glucose_floor__binding_rate,features_only,True,5,0,0,0.5678000000000001,0.5679460000000001,0.0006344781320108648,0.0009650479262710303,0.0005439999999999889,0.0009199999999999209,-0.00014599999999997948,0.0005165036301905364,0.28266984289368996,0.0015495108905716093,False
0.5,0.95,0.05,R3_glucose_ceil__binding_rate,features_only,True,5,0,0,0.029708999999999996,0.029668,0.00047062989705287466,0.0004937813281200497,7.100000000000093e-05,0.00018500000000000114,4.09999999999959e-05,0.00030506146921563187,0.13439914291835775,0.0009151844076468956,False
0.5,0.95,0.05,R4_bp_mandatory__binding_rate,features_only,True,5,0,0,0.21197300000000002,0.21221,0.0006232836432957365,0.001139051140203984,0.00047299999999999567,0.0010399999999999854,-0.00023699999999998722,0.0005806754687430843,0.40814536304244353,0.0017420264062292527,False
0.5,0.95,0.05,R5_anatomical__binding_rate,features_only,True,5,0,0,0.500192,0.499808,0.00040000937489015695,0.00040000937489012925,0.0006359999999999921,0.0014400000000000523,0.00038399999999999546,0.0002529881420146035,1.5178577025077697,0.0007589644260438106,False
0.5,0.95,0.05,R6_preg_age__binding_rate,features_only,True,5,0,0,0.010137000000000002,0.01026,0.00018518909255137026,0.00016431676725155007,0.00018899999999999993,0.0003049999999999997,-0.0001229999999999981,0.00011072036849649666,1.110906707322691,0.00033216110548948995,False
0.5,0.95,0.1,realised_prevalence,label_layer,False,5,0,0,0.09986599999999998,0.10046099999999998,0.000321488724530114,0.000322536819603593,0.0005949999999999955,0.001004999999999992,-0.0005949999999999983,0.00020365902877113022,2.921549825658124,0.0006109770863133906,False
0.5,0.95,0.1,expected_bayes_auc,label_layer,False,5,0,0,0.9499999999999936,0.9500000000027999,1.2372263817907275e-14,4.485093844061651e-13,2.806399557186978e-12,3.330780096177932e-12,-2.806310739345008e-12,2.0065579523770404e-13,13.985694936049827,6.019673857131122e-13,True
0.5,0.95,0.1,solved_gamma,label_layer,False,5,0,0,2.6355831251410917,2.637625895495439,0.0037500439007154968,0.0066590211432954426,0.007181115532967919,0.013433152037731766,-0.002042770354347301,0.003417759261391862,0.5976928736389101,0.010253277784175585,False
0.5,0.95,0.1,solved_alpha,label_layer,False,5,0,0,-4.264255108360068,-4.266419719479549,0.006765368416142998,0.008433737757390699,0.010898224168389526,0.014127967381172724,0.0021646111194808526,0.0048352485430757895,0.44767318581391974,0.014505745629227369,False
0.5,0.95,0.1,corr_core_trap,features_only,True,5,0,0,-0.07087430134101273,-0.06894061338247769,0.0025267373171367876,0.0023926026765075997,0.003648410653336423,0.006079946988020654,-0.0019336879585350464,0.0015562100781991448,1.2425622900300974,0.004668630234597434,False
0.5,0.95,0.1,trap_variance_share,coupling_only,False,5,0,0,0.25,0.25,1.962615573354719e-17,7.343435057440258e-17,6.661338147750939e-17,1.3877787807814457e-16,0.0,3.399349888776296e-17,0.0,1.0198049666328888e-16,False
0.5,0.95,0.1,R1_smoker_cigs__binding_rate,features_only,True,5,0,0,0.8005939999999999,0.799552,0.000673474201436098,0.0005919733946724212,0.0010419999999999874,0.0017499999999999183,0.0010419999999998764,0.00040099875311526347,2.5985118205601077,0.0012029962593457905,False
0.5,0.95,0.1,R2_glucose_floor__binding_rate,features_only,True,5,0,0,0.5678000000000001,0.5679460000000001,0.0006344781320108648,0.0009650479262710303,0.0005439999999999889,0.0009199999999999209,-0.00014599999999997948,0.0005165036301905364,0.28266984289368996,0.0015495108905716093,False
0.5,0.95,0.1,R3_glucose_ceil__binding_rate,features_only,True,5,0,0,0.029708999999999996,0.029668,0.00047062989705287466,0.0004937813281200497,7.100000000000093e-05,0.00018500000000000114,4.09999999999959e-05,0.00030506146921563187,0.13439914291835775,0.0009151844076468956,False
0.5,0.95,0.1,R4_bp_mandatory__binding_rate,features_only,True,5,0,0,0.21197300000000002,0.21221,0.0006232836432957365,0.001139051140203984,0.00047299999999999567,0.0010399999999999854,-0.00023699999999998722,0.0005806754687430843,0.40814536304244353,0.0017420264062292527,False
0.5,0.95,0.1,R5_anatomical__binding_rate,features_only,True,5,0,0,0.500192,0.499808,0.00040000937489015695,0.00040000937489012925,0.0006359999999999921,0.0014400000000000523,0.00038399999999999546,0.0002529881420146035,1.5178577025077697,0.0007589644260438106,False
0.5,0.95,0.1,R6_preg_age__binding_rate,features_only,True,5,0,0,0.010137000000000002,0.01026,0.00018518909255137026,0.00016431676725155007,0.00018899999999999993,0.0003049999999999997,-0.0001229999999999981,0.00011072036849649666,1.110906707322691,0.00033216110548948995,False
0.5,0.95,0.3,realised_prevalence,label_layer,False,5,0,0,0.29953700000000005,0.299949,0.0006474044331018998,0.000934574769614512,0.00122000000000001,0.0020200000000000218,-0.00041199999999996795,0.0005084412453764959,0.8103197837439129,0.0015253237361294877,False
0.5,0.95,0.3,expected_bayes_auc,label_layer,False,5,0,0,0.9499999999999984,0.9500000000067657,1.4075552697890506e-14,5.1577602724086445e-12,6.767253424300179e-12,1.2562395568238571e-11,-6.767253424300179e-12,2.306629105375229e-12,2.9338281601191025,6.919887316125687e-12,False
0.5,0.95,0.3,solved_gamma,label_layer,False,5,0,0,3.619344422181085,3.6181368048884095,0.011960688767476876,0.009845082542414365,0.013546243185043494,0.019584550169500226,0.0012076172926756001,0.006927968332193784,0.17431045218031482,0.02078390499658135,False
0.5,0.95,0.3,solved_alpha,label_layer,False,5,0,0,-1.693577540959429,-1.695282861002872,0.004223599439080002,0.006744293925996575,0.006758667398900853,0.00806344729499786,0.0017053200434431481,0.0035587720573824672,0.47918776924910383,0.010676316172147402,False
0.5,0.95,0.3,corr_core_trap,features_only,True,5,0,0,-0.07087430134101273,-0.06894061338247769,0.0025267373171367876,0.0023926026765075997,0.003648410653336423,0.006079946988020654,-0.0019336879585350464,0.0015562100781991448,1.2425622900300974,0.004668630234597434,False
0.5,0.95,0.3,trap_variance_share,coupling_only,False,5,0,0,0.25,0.25,1.962615573354719e-17,7.343435057440258e-17,6.661338147750939e-17,1.3877787807814457e-16,0.0,3.399349888776296e-17,0.0,1.0198049666328888e-16,False
0.5,0.95,0.3,R1_smoker_cigs__binding_rate,features_only,True,5,0,0,0.8005939999999999,0.799552,0.000673474201436098,0.0005919733946724212,0.0010419999999999874,0.0017499999999999183,0.0010419999999998764,0.00040099875311526347,2.5985118205601077,0.0012029962593457905,False
0.5,0.95,0.3,R2_glucose_floor__binding_rate,features_only,True,5,0,0,0.5678000000000001,0.5679460000000001,0.0006344781320108648,0.0009650479262710303,0.0005439999999999889,0.0009199999999999209,-0.00014599999999997948,0.0005165036301905364,0.28266984289368996,0.0015495108905716093,False
0.5,0.95,0.3,R3_glucose_ceil__binding_rate,features_only,True,5,0,0,0.029708999999999996,0.029668,0.00047062989705287466,0.0004937813281200497,7.100000000000093e-05,0.00018500000000000114,4.09999999999959e-05,0.00030506146921563187,0.13439914291835775,0.0009151844076468956,False
0.5,0.95,0.3,R4_bp_mandatory__binding_rate,features_only,True,5,0,0,0.21197300000000002,0.21221,0.0006232836432957365,0.001139051140203984,0.00047299999999999567,0.0010399999999999854,-0.00023699999999998722,0.0005806754687430843,0.40814536304244353,0.0017420264062292527,False
0.5,0.95,0.3,R5_anatomical__binding_rate,features_only,True,5,0,0,0.500192,0.499808,0.00040000937489015695,0.00040000937489012925,0.0006359999999999921,0.0014400000000000523,0.00038399999999999546,0.0002529881420146035,1.5178577025077697,0.0007589644260438106,False
0.5,0.95,0.3,R6_preg_age__binding_rate,features_only,True,5,0,0,0.010137000000000002,0.01026,0.00018518909255137026,0.00016431676725155007,0.00018899999999999993,0.0003049999999999997,-0.0001229999999999981,0.00011072036849649666,1.110906707322691,0.00033216110548948995,False
1.0,0.65,0.05,realised_prevalence,label_layer,False,0,0,5,,,,,,,,,,,False
1.0,0.65,0.05,expected_bayes_auc,label_layer,False,0,0,5,,,,,,,,,,,False
1.0,0.65,0.05,solved_gamma,label_layer,False,0,0,5,,,,,,,,,,,False
1.0,0.65,0.05,solved_alpha,label_layer,False,0,0,5,,,,,,,,,,,False
1.0,0.65,0.05,corr_core_trap,features_only,True,0,0,5,,,,,,,,,,,False
1.0,0.65,0.05,trap_variance_share,coupling_only,False,0,0,5,,,,,,,,,,,False
1.0,0.65,0.05,R1_smoker_cigs__binding_rate,features_only,True,0,0,5,,,,,,,,,,,False
1.0,0.65,0.05,R2_glucose_floor__binding_rate,features_only,True,0,0,5,,,,,,,,,,,False
1.0,0.65,0.05,R3_glucose_ceil__binding_rate,features_only,True,0,0,5,,,,,,,,,,,False
1.0,0.65,0.05,R4_bp_mandatory__binding_rate,features_only,True,0,0,5,,,,,,,,,,,False
1.0,0.65,0.05,R5_anatomical__binding_rate,features_only,True,0,0,5,,,,,,,,,,,False
1.0,0.65,0.05,R6_preg_age__binding_rate,features_only,True,0,0,5,,,,,,,,,,,False
1.0,0.65,0.1,realised_prevalence,label_layer,False,5,0,0,0.09985,0.100499,0.00042510292871256514,0.0009913841334215506,0.000950999999999999,0.0019399999999999973,-0.0006490000000000107,0.00048240128523875203,1.345352966211118,0.001447203855716256,False
1.0,0.65,0.1,expected_bayes_auc,label_layer,False,5,0,0,0.6500000000004167,0.6500000000167803,5.228243655759664e-13,9.402096325181504e-13,1.636346613764772e-11,1.7691181852796944e-11,-1.6363577159950182e-11,4.811111036589837e-13,34.012054669910185,1.4433333109769512e-12,True
1.0,0.65,0.1,solved_gamma,label_layer,False,5,0,0,0.5579330958916643,0.5580155420612989,0.0003033822599037622,0.00016949999537703517,0.000261500492661404,0.0006846365899144669,-8.244616963459794e-05,0.0001554162437180418,0.5304861812525393,0.0004662487311541254,False
1.0,0.65,0.1,solved_alpha,label_layer,False,5,0,0,-2.3285008793456243,-2.3284758411131827,0.0001273464232445207,4.412931624398108e-05,0.00012593492068715406,0.0002522417206130001,-2.503823244159875e-05,6.027355649923753e-05,0.41540990603259803,0.00018082066949771258,False
1.0,0.65,0.1,corr_core_trap,features_only,True,5,0,0,-0.07087430134101273,-0.06894061338247769,0.0025267373171367876,0.0023926026765075997,0.003648410653336423,0.006079946988020654,-0.0019336879585350464,0.0015562100781991448,1.2425622900300974,0.004668630234597434,False
1.0,0.65,0.1,trap_variance_share,coupling_only,False,5,0,0,0.9999999999999998,1.0,2.0770370905276122e-16,0.0,1.3322676295501878e-16,3.3306690738754696e-16,-2.220446049250313e-16,9.288792252416251e-17,2.390457218668787,2.7866376757248753e-16,False
1.0,0.65,0.1,R1_smoker_cigs__binding_rate,features_only,True,5,0,0,0.8005939999999999,0.799552,0.000673474201436098,0.0005919733946724212,0.0010419999999999874,0.0017499999999999183,0.0010419999999998764,0.00040099875311526347,2.5985118205601077,0.0012029962593457905,False
1.0,0.65,0.1,R2_glucose_floor__binding_rate,features_only,True,5,0,0,0.5678000000000001,0.5679460000000001,0.0006344781320108648,0.0009650479262710303,0.0005439999999999889,0.0009199999999999209,-0.00014599999999997948,0.0005165036301905364,0.28266984289368996,0.0015495108905716093,False
1.0,0.65,0.1,R3_glucose_ceil__binding_rate,features_only,True,5,0,0,0.029708999999999996,0.029668,0.00047062989705287466,0.0004937813281200497,7.100000000000093e-05,0.00018500000000000114,4.09999999999959e-05,0.00030506146921563187,0.13439914291835775,0.0009151844076468956,False
1.0,0.65,0.1,R4_bp_mandatory__binding_rate,features_only,True,5,0,0,0.21197300000000002,0.21221,0.0006232836432957365,0.001139051140203984,0.00047299999999999567,0.0010399999999999854,-0.00023699999999998722,0.0005806754687430843,0.40814536304244353,0.0017420264062292527,False
1.0,0.65,0.1,R5_anatomical__binding_rate,features_only,True,5,0,0,0.500192,0.499808,0.00040000937489015695,0.00040000937489012925,0.0006359999999999921,0.0014400000000000523,0.00038399999999999546,0.0002529881420146035,1.5178577025077697,0.0007589644260438106,False
1.0,0.65,0.1,R6_preg_age__binding_rate,features_only,True,5,0,0,0.010137000000000002,0.01026,0.00018518909255137026,0.00016431676725155007,0.00018899999999999993,0.0003049999999999997,-0.0001229999999999981,0.00011072036849649666,1.110906707322691,0.00033216110548948995,False
1.0,0.65,0.3,realised_prevalence,label_layer,False,5,0,0,0.299813,0.299884,0.0004599809778675647,0.0006242335300190109,0.0005029999999999867,0.0013699999999999823,-7.099999999998774e-05,0.00034677081768799304,0.20474617925857294,0.0010403124530639792,False
1.0,0.65,0.3,expected_bayes_auc,label_layer,False,5,0,0,0.6500000000006262,0.6499999998510243,5.093579158124634e-13,1.9327899270048703e-11,1.4960186422996458e-10,1.7596635260019866e-10,1.4960188643442507e-10,8.646700361173041e-12,17.30161566673389,2.5940101083519124e-11,True
1.0,0.65,0.3,solved_gamma,label_layer,False,5,0,0,0.6221296311212849,0.6218176664536863,0.0005671209299517556,0.0004417264661692324,0.0007279418238249402,0.001366313855614698,0.00031196466759864094,0.0003214804566699824,0.9704001009270995,0.0009644413700099472,False
1.0,0.65,0.3,solved_alpha,label_layer,False,5,0,0,-0.9062242111785537,-0.9062824962147051,9.448422289131105e-05,0.00010850377740272419,0.00015113207991706011,0.00022492168781507171,5.8285036151461966e-05,6.434335721119138e-05,0.9058438769390841,0.00019303007163357414,False
1.0,0.65,0.3,corr_core_trap,features_only,True,5,0,0,-0.07087430134101273,-0.06894061338247769,0.0025267373171367876,0.0023926026765075997,0.003648410653336423,0.006079946988020654,-0.0019336879585350464,0.0015562100781991448,1.2425622900300974,0.004668630234597434,False
1.0,0.65,0.3,trap_variance_share,coupling_only,False,5,0,0,0.9999999999999998,1.0,2.0770370905276122e-16,0.0,1.3322676295501878e-16,3.3306690738754696e-16,-2.220446049250313e-16,9.288792252416251e-17,2.390457218668787,2.7866376757248753e-16,False
1.0,0.65,0.3,R1_smoker_cigs__binding_rate,features_only,True,5,0,0,0.8005939999999999,0.799552,0.000673474201436098,0.0005919733946724212,0.0010419999999999874,0.0017499999999999183,0.0010419999999998764,0.00040099875311526347,2.5985118205601077,0.0012029962593457905,False
1.0,0.65,0.3,R2_glucose_floor__binding_rate,features_only,True,5,0,0,0.5678000000000001,0.5679460000000001,0.0006344781320108648,0.0009650479262710303,0.0005439999999999889,0.0009199999999999209,-0.00014599999999997948,0.0005165036301905364,0.28266984289368996,0.0015495108905716093,False
1.0,0.65,0.3,R3_glucose_ceil__binding_rate,features_only,True,5,0,0,0.029708999999999996,0.029668,0.00047062989705287466,0.0004937813281200497,7.100000000000093e-05,0.00018500000000000114,4.09999999999959e-05,0.00030506146921563187,0.13439914291835775,0.0009151844076468956,False
1.0,0.65,0.3,R4_bp_mandatory__binding_rate,features_only,True,5,0,0,0.21197300000000002,0.21221,0.0006232836432957365,0.001139051140203984,0.00047299999999999567,0.0010399999999999854,-0.00023699999999998722,0.0005806754687430843,0.40814536304244353,0.0017420264062292527,False
1.0,0.65,0.3,R5_anatomical__binding_rate,features_only,True,5,0,0,0.500192,0.499808,0.00040000937489015695,0.00040000937489012925,0.0006359999999999921,0.0014400000000000523,0.00038399999999999546,0.0002529881420146035,1.5178577025077697,0.0007589644260438106,False
1.0,0.65,0.3,R6_preg_age__binding_rate,features_only,True,5,0,0,0.010137000000000002,0.01026,0.00018518909255137026,0.00016431676725155007,0.00018899999999999993,0.0003049999999999997,-0.0001229999999999981,0.00011072036849649666,1.110906707322691,0.00033216110548948995,False
1.0,0.85,0.05,realised_prevalence,label_layer,False,0,0,5,,,,,,,,,,,False
1.0,0.85,0.05,expected_bayes_auc,label_layer,False,0,0,5,,,,,,,,,,,False
1.0,0.85,0.05,solved_gamma,label_layer,False,0,0,5,,,,,,,,,,,False
1.0,0.85,0.05,solved_alpha,label_layer,False,0,0,5,,,,,,,,,,,False
1.0,0.85,0.05,corr_core_trap,features_only,True,0,0,5,,,,,,,,,,,False
1.0,0.85,0.05,trap_variance_share,coupling_only,False,0,0,5,,,,,,,,,,,False
1.0,0.85,0.05,R1_smoker_cigs__binding_rate,features_only,True,0,0,5,,,,,,,,,,,False
1.0,0.85,0.05,R2_glucose_floor__binding_rate,features_only,True,0,0,5,,,,,,,,,,,False
1.0,0.85,0.05,R3_glucose_ceil__binding_rate,features_only,True,0,0,5,,,,,,,,,,,False
1.0,0.85,0.05,R4_bp_mandatory__binding_rate,features_only,True,0,0,5,,,,,,,,,,,False
1.0,0.85,0.05,R5_anatomical__binding_rate,features_only,True,0,0,5,,,,,,,,,,,False
1.0,0.85,0.05,R6_preg_age__binding_rate,features_only,True,0,0,5,,,,,,,,,,,False
1.0,0.85,0.1,realised_prevalence,label_layer,False,5,0,0,0.10011300000000001,0.09990800000000001,0.00048669292166621876,0.0005322311527898386,0.0006450000000000011,0.001454999999999998,0.00020499999999999685,0.00032253371916746956,0.6355924600043273,0.0009676011575024087,False
1.0,0.85,0.1,expected_bayes_auc,label_layer,False,5,0,0,0.849999999999946,0.8500000000027089,3.1538427065761838e-12,1.8242030716085926e-12,3.3456570847079092e-12,7.897460463368589e-12,-2.7629010190821646e-12,1.6293827459679334e-12,1.695673423521412,4.8881482379038e-12,False
1.0,0.85,0.1,solved_gamma,label_layer,False,5,0,0,1.4900148411912386,1.4911847884221392,0.0005604763424179762,0.0006512141581540631,0.001169947230900714,0.002333271187882291,-0.001169947230900581,0.00038424305073495805,3.044810384111757,0.001152729152204874,True
1.0,0.85,0.1,solved_alpha,label_layer,False,5,0,0,-3.0140093157975594,-3.0148469065437786,0.0007188403419962348,0.001247041990800966,0.001564619278492252,0.002717660437095759,0.0008375907462192522,0.000643715024541466,1.301182533087353,0.0019311450736243978,False
1.0,0.85,0.1,corr_core_trap,features_only,True,5,0,0,-0.07087430134101273,-0.06894061338247769,0.0025267373171367876,0.0023926026765075997,0.003648410653336423,0.006079946988020654,-0.0019336879585350464,0.0015562100781991448,1.2425622900300974,0.004668630234597434,False
1.0,0.85,0.1,trap_variance_share,coupling_only,False,5,0,0,0.9999999999999998,1.0,2.0770370905276122e-16,0.0,1.3322676295501878e-16,3.3306690738754696e-16,-2.220446049250313e-16,9.288792252416251e-17,2.390457218668787,2.7866376757248753e-16,False
1.0,0.85,0.1,R1_smoker_cigs__binding_rate,features_only,True,5,0,0,0.8005939999999999,0.799552,0.000673474201436098,0.0005919733946724212,0.0010419999999999874,0.0017499999999999183,0.0010419999999998764,0.00040099875311526347,2.5985118205601077,0.0012029962593457905,False
1.0,0.85,0.1,R2_glucose_floor__binding_rate,features_only,True,5,0,0,0.5678000000000001,0.5679460000000001,0.0006344781320108648,0.0009650479262710303,0.0005439999999999889,0.0009199999999999209,-0.00014599999999997948,0.0005165036301905364,0.28266984289368996,0.0015495108905716093,False
1.0,0.85,0.1,R3_glucose_ceil__binding_rate,features_only,True,5,0,0,0.029708999999999996,0.029668,0.00047062989705287466,0.0004937813281200497,7.100000000000093e-05,0.00018500000000000114,4.09999999999959e-05,0.00030506146921563187,0.13439914291835775,0.0009151844076468956,False
1.0,0.85,0.1,R4_bp_mandatory__binding_rate,features_only,True,5,0,0,0.21197300000000002,0.21221,0.0006232836432957365,0.001139051140203984,0.00047299999999999567,0.0010399999999999854,-0.00023699999999998722,0.0005806754687430843,0.40814536304244353,0.0017420264062292527,False
1.0,0.85,0.1,R5_anatomical__binding_rate,features_only,True,5,0,0,0.500192,0.499808,0.00040000937489015695,0.00040000937489012925,0.0006359999999999921,0.0014400000000000523,0.00038399999999999546,0.0002529881420146035,1.5178577025077697,0.0007589644260438106,False
1.0,0.85,0.1,R6_preg_age__binding_rate,features_only,True,5,0,0,0.010137000000000002,0.01026,0.00018518909255137026,0.00016431676725155007,0.00018899999999999993,0.0003049999999999997,-0.0001229999999999981,0.00011072036849649666,1.110906707322691,0.00033216110548948995,False
1.0,0.85,0.3,realised_prevalence,label_layer,False,5,0,0,0.300176,0.30009600000000003,0.0006800220584657483,0.0005989511666238053,0.0008220000000000116,0.0012900000000000134,7.999999999996898e-05,0.0004052585594407627,0.19740483732253586,0.001215775678322288,False
1.0,0.85,0.3,expected_bayes_auc,label_layer,False,5,0,0,0.8499999999993554,0.8500000000942011,9.95088199291332e-13,1.2883245367324216e-11,9.484568685991235e-11,1.0974954278708537e-10,-9.484568685991235e-11,5.778723245130359e-12,16.412913862908617,1.7336169735391078e-11,True
1.0,0.85,0.3,solved_gamma,label_layer,False,5,0,0,2.4724960348477443,2.4618826567286844,0.00975733637633092,0.009619424970677101,0.014647221802353894,0.03252357342138712,0.010613378119059824,0.006127625150535185,1.7320540761428356,0.018382875451605555,False
1.0,0.85,0.3,solved_alpha,label_layer,False,5,0,0,-1.1756195566678052,-1.1776153615988985,0.00043947304363661305,0.001690397299878905,0.0021703763208658967,0.004158073182130018,0.0019958049310933035,0.000781099172643413,2.555123601448785,0.002343297517930239,False
1.0,0.85,0.3,corr_core_trap,features_only,True,5,0,0,-0.07087430134101273,-0.06894061338247769,0.0025267373171367876,0.0023926026765075997,0.003648410653336423,0.006079946988020654,-0.0019336879585350464,0.0015562100781991448,1.2425622900300974,0.004668630234597434,False
1.0,0.85,0.3,trap_variance_share,coupling_only,False,5,0,0,0.9999999999999998,1.0,2.0770370905276122e-16,0.0,1.3322676295501878e-16,3.3306690738754696e-16,-2.220446049250313e-16,9.288792252416251e-17,2.390457218668787,2.7866376757248753e-16,False
1.0,0.85,0.3,R1_smoker_cigs__binding_rate,features_only,True,5,0,0,0.8005939999999999,0.799552,0.000673474201436098,0.0005919733946724212,0.0010419999999999874,0.0017499999999999183,0.0010419999999998764,0.00040099875311526347,2.5985118205601077,0.0012029962593457905,False
1.0,0.85,0.3,R2_glucose_floor__binding_rate,features_only,True,5,0,0,0.5678000000000001,0.5679460000000001,0.0006344781320108648,0.0009650479262710303,0.0005439999999999889,0.0009199999999999209,-0.00014599999999997948,0.0005165036301905364,0.28266984289368996,0.0015495108905716093,False
1.0,0.85,0.3,R3_glucose_ceil__binding_rate,features_only,True,5,0,0,0.029708999999999996,0.029668,0.00047062989705287466,0.0004937813281200497,7.100000000000093e-05,0.00018500000000000114,4.09999999999959e-05,0.00030506146921563187,0.13439914291835775,0.0009151844076468956,False
1.0,0.85,0.3,R4_bp_mandatory__binding_rate,features_only,True,5,0,0,0.21197300000000002,0.21221,0.0006232836432957365,0.001139051140203984,0.00047299999999999567,0.0010399999999999854,-0.00023699999999998722,0.0005806754687430843,0.40814536304244353,0.0017420264062292527,False
1.0,0.85,0.3,R5_anatomical__binding_rate,features_only,True,5,0,0,0.500192,0.499808,0.00040000937489015695,0.00040000937489012925,0.0006359999999999921,0.0014400000000000523,0.00038399999999999546,0.0002529881420146035,1.5178577025077697,0.0007589644260438106,False
1.0,0.85,0.3,R6_preg_age__binding_rate,features_only,True,5,0,0,0.010137000000000002,0.01026,0.00018518909255137026,0.00016431676725155007,0.00018899999999999993,0.0003049999999999997,-0.0001229999999999981,0.00011072036849649666,1.110906707322691,0.00033216110548948995,False
1.0,0.95,0.05,realised_prevalence,label_layer,False,0,0,5,,,,,,,,,,,False
1.0,0.95,0.05,expected_bayes_auc,label_layer,False,0,0,5,,,,,,,,,,,False
1.0,0.95,0.05,solved_gamma,label_layer,False,0,0,5,,,,,,,,,,,False
1.0,0.95,0.05,solved_alpha,label_layer,False,0,0,5,,,,,,,,,,,False
1.0,0.95,0.05,corr_core_trap,features_only,True,0,0,5,,,,,,,,,,,False
1.0,0.95,0.05,trap_variance_share,coupling_only,False,0,0,5,,,,,,,,,,,False
1.0,0.95,0.05,R1_smoker_cigs__binding_rate,features_only,True,0,0,5,,,,,,,,,,,False
1.0,0.95,0.05,R2_glucose_floor__binding_rate,features_only,True,0,0,5,,,,,,,,,,,False
1.0,0.95,0.05,R3_glucose_ceil__binding_rate,features_only,True,0,0,5,,,,,,,,,,,False
1.0,0.95,0.05,R4_bp_mandatory__binding_rate,features_only,True,0,0,5,,,,,,,,,,,False
1.0,0.95,0.05,R5_anatomical__binding_rate,features_only,True,0,0,5,,,,,,,,,,,False
1.0,0.95,0.05,R6_preg_age__binding_rate,features_only,True,0,0,5,,,,,,,,,,,False
1.0,0.95,0.1,realised_prevalence,label_layer,False,5,0,0,0.099929,0.099867,0.0004598151802626773,0.000590514606085237,0.000606000000000001,0.0008149999999999963,6.20000000000065e-05,0.00033470509407536694,0.18523769460779613,0.0010041152822261009,False
1.0,0.95,0.1,expected_bayes_auc,label_layer,False,5,0,0,0.9500000000013508,0.9500000000005862,1.5272432813412774e-12,2.151323784293227e-12,2.1550539130998914e-12,6.046940725923378e-12,7.646105970593453e-13,1.1798869492682596e-12,0.6480371679113328,3.5396608478047785e-12,False
1.0,0.95,0.1,solved_gamma,label_layer,False,5,0,0,2.677628430203449,2.682983894979019,0.004656409128371827,0.0013390675174202759,0.005355464775570251,0.012848687895644861,-0.005355464775569807,0.00216680630361805,2.471593684505836,0.00650041891085415,False
1.0,0.95,0.1,solved_alpha,label_layer,False,5,0,0,-4.272668928733891,-4.278401665483416,0.0014100786774872886,0.0055945880360285345,0.006579625577827208,0.013437122773776622,0.00573273674952457,0.002580222361331593,2.2217994989261456,0.00774066708399478,False
1.0,0.95,0.1,corr_core_trap,features_only,True,5,0,0,-0.07087430134101273,-0.06894061338247769,0.0025267373171367876,0.0023926026765075997,0.003648410653336423,0.006079946988020654,-0.0019336879585350464,0.0015562100781991448,1.2425622900300974,0.004668630234597434,False
1.0,0.95,0.1,trap_variance_share,coupling_only,False,5,0,0,0.9999999999999998,1.0,2.0770370905276122e-16,0.0,1.3322676295501878e-16,3.3306690738754696e-16,-2.220446049250313e-16,9.288792252416251e-17,2.390457218668787,2.7866376757248753e-16,False
1.0,0.95,0.1,R1_smoker_cigs__binding_rate,features_only,True,5,0,0,0.8005939999999999,0.799552,0.000673474201436098,0.0005919733946724212,0.0010419999999999874,0.0017499999999999183,0.0010419999999998764,0.00040099875311526347,2.5985118205601077,0.0012029962593457905,False
1.0,0.95,0.1,R2_glucose_floor__binding_rate,features_only,True,5,0,0,0.5678000000000001,0.5679460000000001,0.0006344781320108648,0.0009650479262710303,0.0005439999999999889,0.0009199999999999209,-0.00014599999999997948,0.0005165036301905364,0.28266984289368996,0.0015495108905716093,False
1.0,0.95,0.1,R3_glucose_ceil__binding_rate,features_only,True,5,0,0,0.029708999999999996,0.029668,0.00047062989705287466,0.0004937813281200497,7.100000000000093e-05,0.00018500000000000114,4.09999999999959e-05,0.00030506146921563187,0.13439914291835775,0.0009151844076468956,False
1.0,0.95,0.1,R4_bp_mandatory__binding_rate,features_only,True,5,0,0,0.21197300000000002,0.21221,0.0006232836432957365,0.001139051140203984,0.00047299999999999567,0.0010399999999999854,-0.00023699999999998722,0.0005806754687430843,0.40814536304244353,0.0017420264062292527,False
1.0,0.95,0.1,R5_anatomical__binding_rate,features_only,True,5,0,0,0.500192,0.499808,0.00040000937489015695,0.00040000937489012925,0.0006359999999999921,0.0014400000000000523,0.00038399999999999546,0.0002529881420146035,1.5178577025077697,0.0007589644260438106,False
1.0,0.95,0.1,R6_preg_age__binding_rate,features_only,True,5,0,0,0.010137000000000002,0.01026,0.00018518909255137026,0.00016431676725155007,0.00018899999999999993,0.0003049999999999997,-0.0001229999999999981,0.00011072036849649666,1.110906707322691,0.00033216110548948995,False
1.0,0.95,0.3,realised_prevalence,label_layer,False,0,5,5,,,,,,,,,,,False
1.0,0.95,0.3,expected_bayes_auc,label_layer,False,0,5,5,,,,,,,,,,,False
1.0,0.95,0.3,solved_gamma,label_layer,False,0,5,5,,,,,,,,,,,False
1.0,0.95,0.3,solved_alpha,label_layer,False,0,5,5,,,,,,,,,,,False
1.0,0.95,0.3,corr_core_trap,features_only,True,0,5,5,,,,,,,,,,,False
1.0,0.95,0.3,trap_variance_share,coupling_only,False,0,5,5,,,,,,,,,,,False
1.0,0.95,0.3,R1_smoker_cigs__binding_rate,features_only,True,0,5,5,,,,,,,,,,,False
1.0,0.95,0.3,R2_glucose_floor__binding_rate,features_only,True,0,5,5,,,,,,,,,,,False
1.0,0.95,0.3,R3_glucose_ceil__binding_rate,features_only,True,0,5,5,,,,,,,,,,,False
1.0,0.95,0.3,R4_bp_mandatory__binding_rate,features_only,True,0,5,5,,,,,,,,,,,False
1.0,0.95,0.3,R5_anatomical__binding_rate,features_only,True,0,5,5,,,,,,,,,,,False
1.0,0.95,0.3,R6_preg_age__binding_rate,features_only,True,0,5,5,,,,,,,,,,,False
